Age,Gender,Education Level,Job Title,Years of Experience,Salary
34,Female,Master's,Data Analyst,3,84080
57,Male,Bachelor's,Sales Manager,5,104525
42,Female,Master's,HR Manager,5,95662
34,Male,Bachelor's,Teacher,4,59441
57,Female,Master's,Database Administrator,20,128487
21,Male,High School,IT Support Specialist,1,38689
60,Male,Bachelor's,Junior Developer,4,59113
21,Male,PhD,Customer Support Specialist,0,50969
24,Male,Bachelor's,Associate,0,56853
25,Female,Bachelor's,Junior Developer,1,58956
64,Male,Bachelor's,Chief Technology Officer,15,187715
55,Female,Bachelor's,Operations Manager,21,122927
59,Male,Master's,Vice President,15,265073
21,Female,PhD,IT Support Specialist,0,51646
62,Female,Master's,Statistician,8,112473
22,Female,Bachelor's,Junior Developer,0,51743
45,Male,Master's,Security Engineer,7,130632
46,Male,Master's,Project Manager,14,147023
48,Male,Master's,Customer Support Specialist,3,56681
21,Female,Master's,Analyst,0,60538
50,Male,High School,Architect,10,90640
60,Female,Master's,Civil Engineer,5,88203
35,Male,Bachelor's,Customer Support Specialist,0,40841
39,Female,Master's,Consultant,7,105878
52,Female,Bachelor's,Sales Manager,8,75575
45,Male,PhD,Lawyer,15,220638
64,Male,Bachelor's,Product Manager,19,147481
52,Female,High School,Professor,14,95514
47,Male,PhD,Associate,0,69738
55,Female,Master's,Senior Software Engineer,19,180021
59,Female,PhD,Consultant,10,144726
53,Female,Bachelor's,Research Scientist,29,132647
57,Female,Master's,Architect,7,123046
53,Male,Bachelor's,DevOps Engineer,5,112646
56,Female,Master's,Economist,19,131312
33,Male,High School,Data Analyst,3,54136
28,Male,Master's,Associate,4,74401
28,Female,PhD,Junior Developer,0,63732
43,Female,Master's,Lawyer,15,179605
63,Female,PhD,Product Manager,35,202385
40,Male,Master's,Software Engineer,6,133692
22,Female,Bachelor's,Customer Support Specialist,0,42160
38,Female,Bachelor's,Financial Analyst,9,91480
36,Female,Master's,Accountant,4,73815
64,Male,Bachelor's,Senior Software Engineer,19,205202
63,Female,Bachelor's,Mechanical Engineer,9,97866
65,Male,Master's,Lawyer,39,217655
58,Female,Master's,Electrical Engineer,9,108436
34,Male,Master's,Architect,10,119227
62,Female,Master's,Consultant,37,169970
49,Female,Master's,Lawyer,13,168415
26,Male,Bachelor's,Associate,3,56775
24,Male,PhD,Associate,0,72838
52,Male,Bachelor's,Data Analyst,6,81548
53,Female,Master's,Product Manager,27,189990
36,Male,PhD,Graphic Designer,4,67851
55,Female,Bachelor's,Operations Manager,23,144223
32,Female,High School,Operations Manager,12,89686
48,Female,Master's,Product Manager,6,133764
22,Female,Bachelor's,Customer Support Specialist,0,38295
22,Female,Master's,Analyst,0,59360
27,Male,Master's,Junior Developer,1,59378
48,Female,PhD,Security Engineer,12,180799
48,Male,PhD,IT Support Specialist,0,58066
30,Female,Master's,Junior Developer,1,64674
48,Male,Master's,Associate,0,68505
31,Male,PhD,Intern,0,45711
65,Male,High School,Cloud Architect,29,181676
43,Female,Master's,Mechanical Engineer,9,100925
33,Male,PhD,Network Engineer,5,138008
38,Female,PhD,Accountant,7,88919
28,Male,High School,Junior Developer,0,40275
45,Female,PhD,Associate,0,67580
41,Male,Bachelor's,Lawyer,13,182148
51,Female,PhD,HR Manager,9,96154
65,Male,PhD,Cloud Architect,29,278352
38,Male,Master's,Statistician,12,120382
39,Male,Bachelor's,Lawyer,14,173571
46,Male,Master's,Statistician,14,123684
21,Male,High School,Accountant,3,44600
28,Male,Master's,Healthcare Specialist,2,77404
25,Male,Master's,Junior Developer,1,64568
27,Female,Bachelor's,Analyst,1,55629
50,Female,PhD,Civil Engineer,7,101833
33,Female,Bachelor's,Database Administrator,6,110366
30,Female,Bachelor's,Healthcare Specialist,3,73951
28,Male,Bachelor's,HR Manager,6,76762
39,Male,Master's,Healthcare Specialist,3,89989
35,Female,Master's,Biomedical Engineer,6,104771
34,Female,High School,Professor,14,98428
21,Female,Master's,Customer Support Specialist,0,42250
29,Male,Bachelor's,Graphic Designer,2,49202
43,Male,Master's,Sales Manager,13,124039
35,Male,Master's,Software Engineer,5,94121
60,Male,PhD,Consultant,17,146786
61,Male,Bachelor's,Professor,32,138180
48,Female,Master's,Software Engineer,2,111425
42,Female,Master's,Chief Financial Officer,16,264704
42,Male,Master's,Senior Software Engineer,12,172919
49,Female,PhD,UX Designer,4,115956
23,Female,Master's,Analyst,0,70271
35,Male,Bachelor's,Data Scientist,9,123171
21,Female,Bachelor's,Junior Developer,0,53481
45,Female,PhD,Chief Technology Officer,16,269422
30,Male,High School,Economist,12,98245
40,Male,Master's,Accountant,3,71354
45,Female,Master's,Associate,1,70456
65,Male,Master's,Consultant,27,163698
62,Male,Bachelor's,Chief Technology Officer,31,242115
31,Male,Bachelor's,Customer Support Specialist,2,41674
49,Female,High School,Analyst,0,46725
62,Male,PhD,Software Engineer,3,115071
22,Female,Bachelor's,Customer Support Specialist,0,36028
29,Male,Bachelor's,Customer Support Specialist,0,41110
45,Female,PhD,Database Administrator,15,142602
59,Male,Bachelor's,Software Engineer,3,95276
60,Female,High School,Database Administrator,23,96236
55,Male,Master's,Consultant,16,149026
45,Male,PhD,Customer Support Specialist,0,46326
24,Male,Bachelor's,Junior Developer,1,49732
35,Male,PhD,Junior Developer,0,82115
52,Male,Bachelor's,Mechanical Engineer,12,101753
62,Female,PhD,Lawyer,18,237716
23,Male,High School,Security Engineer,5,109041
38,Female,Bachelor's,Architect,8,97828
27,Male,Bachelor's,Intern,1,30686
59,Male,Bachelor's,Product Manager,36,201925
26,Female,PhD,Intern,0,47525
45,Female,PhD,Systems Administrator,5,92026
38,Male,Master's,Data Analyst,7,90148
33,Male,Master's,Teacher,4,65354
36,Male,Bachelor's,Project Manager,8,94068
65,Female,Bachelor's,Product Manager,10,123266
49,Male,PhD,Machine Learning Engineer,20,220168
56,Female,Bachelor's,Consultant,34,127349
59,Female,Master's,HR Manager,9,98044
43,Male,Master's,Director of Engineering,17,249676
51,Female,PhD,Cloud Architect,15,238976
30,Female,Master's,Associate,0,57211
21,Male,Bachelor's,Associate,0,58426
60,Male,Bachelor's,Marketing Manager,11,89316
49,Female,PhD,Senior Data Scientist,15,218304
42,Female,Master's,Marketing Manager,6,94716
40,Male,Bachelor's,Junior Developer,2,62859
36,Male,Master's,Sales Manager,12,122032
62,Male,Master's,Statistician,9,128595
21,Male,Bachelor's,Junior Developer,0,56120
25,Female,Bachelor's,Junior Developer,1,55782
37,Male,Master's,Database Administrator,7,106873
55,Female,Bachelor's,Systems Administrator,7,85714
48,Female,Master's,Security Engineer,17,173924
39,Female,PhD,Software Engineer,4,133812
62,Male,High School,Director of Engineering,27,194723
60,Female,Master's,Software Engineer,5,110412
35,Female,High School,Civil Engineer,14,74969
48,Male,Master's,Lawyer,20,216881
24,Male,High School,Accountant,3,51872
58,Female,PhD,Senior Data Scientist,17,247240
44,Female,Bachelor's,Teacher,3,47560
28,Female,Master's,Accountant,2,67803
49,Male,PhD,Product Manager,13,187133
22,Male,Bachelor's,Associate,0,51365
28,Female,PhD,Junior Developer,0,69292
63,Female,Bachelor's,Architect,6,85183
60,Male,Bachelor's,Economist,30,137214
35,Male,High School,Architect,9,91634
37,Female,PhD,Accountant,6,85281
39,Female,Master's,Biomedical Engineer,8,102641
36,Female,High School,Statistician,11,79496
61,Male,PhD,Biomedical Engineer,8,118512
65,Female,Bachelor's,Accountant,4,69820
49,Female,PhD,Machine Learning Engineer,21,206213
27,Female,Master's,Junior Developer,1,68922
26,Male,Master's,Customer Support Specialist,2,52115
45,Male,Bachelor's,Consultant,16,133831
44,Male,PhD,Professor,11,167147
27,Female,Master's,Intern,1,38659
40,Male,PhD,Economist,11,146146
40,Male,PhD,Product Manager,8,154528
32,Male,PhD,UX Designer,4,123123
41,Female,Master's,Financial Analyst,4,92055
38,Female,PhD,Data Analyst,6,94097
25,Female,Bachelor's,Associate,2,57664
30,Male,Bachelor's,Network Engineer,5,96311
53,Male,Bachelor's,HR Manager,6,81455
61,Male,Bachelor's,Chief Executive Officer,15,240222
22,Female,Bachelor's,Analyst,0,51001
49,Female,Bachelor's,Cloud Architect,11,147313
60,Female,Bachelor's,Statistician,11,103992
43,Female,Bachelor's,Research Scientist,18,143917
25,Male,Bachelor's,Junior Developer,2,58459
39,Male,Master's,Economist,12,126302
40,Female,PhD,Customer Support Specialist,0,49924
43,Female,PhD,Product Manager,9,152674
23,Female,Bachelor's,Analyst,1,61912
34,Male,Bachelor's,Associate,0,54661
24,Male,High School,Customer Support Specialist,0,30742
59,Male,Master's,Consultant,14,146363
22,Female,Bachelor's,Junior Developer,0,60482
56,Female,Master's,Director of Engineering,24,272090
63,Male,Bachelor's,UX Designer,2,87019
29,Male,High School,UX Designer,8,87196
44,Female,PhD,Consultant,15,133357
44,Female,PhD,Consultant,12,144962
22,Female,Master's,Analyst,0,62778
30,Male,Master's,Data Analyst,2,76777
27,Male,Bachelor's,Software Engineer,5,93908
61,Male,Master's,Economist,11,117040
28,Female,Master's,IT Support Specialist,4,50566
43,Female,Master's,Product Manager,15,171744
29,Female,Master's,Financial Analyst,3,88109
41,Male,Bachelor's,HR Manager,6,85270
31,Male,Bachelor's,Network Engineer,9,109740
57,Male,Bachelor's,Statistician,9,96227
42,Male,PhD,Data Scientist,12,128034
40,Male,PhD,Mechanical Engineer,6,127018
55,Female,Master's,Teacher,4,55590
34,Female,Bachelor's,Intern,1,33142
60,Male,Master's,Chief Executive Officer,15,312709
26,Male,Bachelor's,IT Support Specialist,1,46458
55,Male,PhD,Cloud Architect,17,247397
22,Female,Bachelor's,Associate,0,58567
62,Male,Bachelor's,Economist,10,112862
38,Male,Master's,Research Scientist,11,133420
52,Male,PhD,Product Manager,18,173992
61,Male,Bachelor's,Machine Learning Engineer,35,174392
34,Female,PhD,Marketing Manager,6,118660
28,Female,Bachelor's,Intern,0,36752
62,Female,High School,Financial Analyst,3,67940
34,Male,Master's,Junior Developer,1,65232
56,Male,Master's,Software Engineer,5,107634
60,Male,Master's,Biomedical Engineer,8,108776
48,Female,PhD,Electrical Engineer,10,134517
22,Female,Master's,IT Support Specialist,0,46539
55,Male,Master's,Intern,0,36134
24,Female,High School,Analyst,1,46637
41,Female,PhD,DevOps Engineer,8,137030
29,Male,Master's,IT Support Specialist,2,50917
41,Female,Bachelor's,Security Engineer,14,141656
34,Male,Bachelor's,Software Engineer,7,93687
54,Male,Bachelor's,Architect,10,122200
28,Female,Master's,Teacher,3,57385
60,Male,Bachelor's,Statistician,14,110338
32,Male,Master's,Customer Support Specialist,1,45908
41,Female,Master's,Biomedical Engineer,7,89008
61,Female,PhD,Chief Financial Officer,32,348138
49,Female,Master's,Database Administrator,20,138597
28,Female,Master's,Analyst,0,64083
55,Female,PhD,Junior Developer,0,69979
65,Male,PhD,Customer Support Specialist,4,57967
56,Male,Master's,Senior Software Engineer,27,239612
25,Female,High School,Electrical Engineer,5,77760
56,Female,PhD,Civil Engineer,5,105225
47,Male,Master's,Security Engineer,18,186792
43,Male,PhD,Senior Data Scientist,15,255129
59,Male,PhD,Customer Support Specialist,4,67623
58,Male,PhD,Customer Support Specialist,4,52635
41,Female,Bachelor's,Marketing Manager,6,77785
46,Male,Master's,Professor,15,129076
45,Female,Master's,Chief Executive Officer,15,251011
60,Female,Bachelor's,Product Manager,6,127950
61,Female,Master's,Software Engineer,3,98335
38,Female,Master's,Cloud Architect,11,177073
32,Female,Bachelor's,Professor,10,103332
37,Female,Master's,Business Analyst,4,92412
60,Male,PhD,Vice President,23,274437
34,Male,PhD,Financial Analyst,4,100084
46,Female,Bachelor's,Chief Technology Officer,24,248091
25,Male,Master's,Associate,1,61325
47,Female,Bachelor's,Sales Manager,10,91517
42,Male,Bachelor's,Chief Executive Officer,15,247028
43,Female,Master's,Operations Manager,13,119039
49,Male,PhD,Consultant,21,183620
46,Female,Master's,Financial Analyst,2,81398
47,Male,Master's,Database Administrator,14,152261
44,Female,Master's,Consultant,12,118451
35,Male,Master's,Sales Manager,10,134454
35,Male,PhD,Systems Administrator,7,111793
54,Female,Bachelor's,Machine Learning Engineer,22,147159
55,Female,Master's,Lawyer,27,215450
24,Male,Bachelor's,Analyst,1,75660
44,Male,Bachelor's,Software Engineer,5,93252
33,Female,Bachelor's,HR Manager,7,79719
64,Female,Bachelor's,Biomedical Engineer,6,89313
63,Male,High School,Product Manager,45,148095
42,Female,PhD,Software Engineer,13,151875
63,Female,PhD,Security Engineer,35,218678
43,Female,Master's,Consultant,7,125731
21,Male,Bachelor's,IT Support Specialist,0,43001
23,Female,Master's,Analyst,0,66881
61,Male,Master's,Director of Engineering,29,299989
38,Female,PhD,Software Engineer,2,121858
28,Female,High School,Business Analyst,4,69089
24,Female,Bachelor's,Customer Support Specialist,0,39571
37,Female,Bachelor's,IT Support Specialist,1,37922
38,Male,Bachelor's,Customer Support Specialist,4,38243
44,Female,PhD,Financial Analyst,5,108008
49,Male,PhD,IT Support Specialist,2,67459
46,Female,PhD,Data Analyst,6,116943
33,Male,Master's,DevOps Engineer,7,143963
63,Female,Master's,Junior Developer,4,66350
37,Male,Bachelor's,Product Manager,9,145233
35,Male,Bachelor's,Cloud Architect,11,153470
26,Male,Bachelor's,Intern,1,36921
21,Male,Bachelor's,Junior Developer,0,48511
27,Female,Bachelor's,Database Administrator,5,95158
52,Female,Master's,Chief Technology Officer,24,328861
27,Female,Master's,Associate,2,70569
30,Male,PhD,Accountant,2,80691
39,Male,Master's,Database Administrator,13,140500
52,Male,PhD,Senior Software Engineer,12,256409
38,Female,Master's,Architect,8,112880
48,Male,Master's,Financial Analyst,9,92831
52,Female,Master's,Director of Engineering,16,232215
48,Female,PhD,Economist,10,139217
48,Male,PhD,Research Scientist,14,166664
31,Male,PhD,Associate,0,81321
46,Female,Bachelor's,Cloud Architect,19,184925
24,Female,Bachelor's,IT Support Specialist,2,51400
25,Male,PhD,Intern,0,47444
42,Male,Bachelor's,Software Engineer,7,98869
49,Male,Bachelor's,Director of Engineering,16,221151
21,Female,Bachelor's,Analyst,0,57126
56,Male,Master's,Chief Financial Officer,31,286323
30,Female,Master's,Associate,1,59611
65,Male,Bachelor's,Machine Learning Engineer,20,160675
22,Female,Bachelor's,Customer Support Specialist,0,40696
23,Female,Bachelor's,IT Support Specialist,1,51085
41,Male,Bachelor's,Technical Writer,10,82716
53,Female,Master's,Chief Technology Officer,16,276633
42,Male,Master's,Statistician,8,104401
24,Male,Bachelor's,Associate,1,51204
54,Female,Bachelor's,Mechanical Engineer,6,87810
21,Female,Bachelor's,Junior Developer,0,51850
64,Female,Master's,Chief Executive Officer,16,284183
58,Female,Bachelor's,Consultant,33,138174
58,Male,PhD,Data Analyst,6,93667
25,Male,Bachelor's,Analyst,3,65993
26,Female,Master's,Intern,0,38628
41,Male,PhD,Teacher,2,75060
56,Female,PhD,Chief Executive Officer,25,327908
46,Female,PhD,Electrical Engineer,5,122890
48,Female,Master's,Chief Executive Officer,21,342253
27,Female,Master's,IT Support Specialist,0,48901
47,Male,Master's,Consultant,23,158896
42,Female,Bachelor's,Analyst,4,73803
43,Female,Bachelor's,Economist,15,116563
33,Male,Bachelor's,Civil Engineer,6,96944
37,Female,Master's,Security Engineer,11,151694
59,Female,Bachelor's,Lawyer,34,190897
46,Male,Bachelor's,Analyst,0,54849
53,Female,Bachelor's,Director of Engineering,21,191294
50,Male,Master's,Network Engineer,9,122749
61,Female,PhD,Graphic Designer,4,66140
33,Female,Master's,Mechanical Engineer,9,108368
31,Male,Master's,DevOps Engineer,5,125151
21,Male,Bachelor's,Associate,0,55714
65,Female,Master's,Professor,26,159513
37,Female,Master's,Analyst,4,77804
23,Male,Master's,Analyst,0,70210
62,Female,PhD,Data Analyst,4,81245
65,Male,Master's,IT Support Specialist,1,49629
40,Female,High School,Project Manager,13,81982
42,Female,Bachelor's,Associate,1,59822
56,Male,High School,Senior Data Scientist,17,179505
30,Male,PhD,Junior Developer,0,71670
65,Female,Bachelor's,Chief Executive Officer,18,238895
21,Female,PhD,Junior Developer,0,63540
51,Male,High School,Architect,11,84000
65,Female,Bachelor's,Database Administrator,36,131941
34,Male,PhD,Junior Developer,1,67945
23,Female,Bachelor's,Associate,0,63696
28,Female,Master's,Customer Support Specialist,1,47493
47,Male,Bachelor's,IT Support Specialist,4,48982
27,Female,Bachelor's,Data Analyst,2,69346
65,Male,Master's,Lawyer,41,239421
40,Male,PhD,Statistician,11,153031
44,Female,Master's,Research Scientist,16,135240
43,Male,Bachelor's,Cloud Architect,13,167267
34,Male,High School,Software Engineer,13,104072
65,Male,PhD,Software Engineer,11,121514
60,Male,PhD,Consultant,13,159794
45,Male,Master's,Associate,0,58910
53,Female,Bachelor's,DevOps Engineer,10,118317
58,Male,Bachelor's,Architect,8,104629
57,Female,Master's,Accountant,9,77947
47,Female,Master's,Database Administrator,9,123346
35,Female,Bachelor's,Teacher,3,58240
28,Male,Bachelor's,HR Manager,5,92090
40,Male,Master's,Junior Developer,1,69655
39,Male,PhD,Civil Engineer,11,113824
52,Female,Bachelor's,Security Engineer,24,144946
45,Female,PhD,Cloud Architect,17,250610
28,Male,Bachelor's,Teacher,4,55984
38,Female,PhD,Analyst,0,83636
32,Female,Bachelor's,Customer Support Specialist,4,39749
63,Female,High School,Senior Software Engineer,30,171769
30,Male,Master's,Marketing Manager,6,96621
30,Male,PhD,IT Support Specialist,1,62472
64,Female,PhD,Vice President,35,311805
64,Female,PhD,Cloud Architect,34,296611
41,Male,Bachelor's,Chief Technology Officer,16,238855
36,Male,Bachelor's,Business Analyst,3,75480
39,Male,High School,Vice President,18,182130
63,Male,PhD,Economist,35,168054
48,Male,PhD,Junior Developer,0,66167
56,Male,Master's,Operations Manager,20,146364
30,Female,Bachelor's,Product Manager,5,117513
33,Female,Bachelor's,UX Designer,5,87000
36,Male,Bachelor's,Statistician,9,105948
28,Female,Bachelor's,Security Engineer,5,117263
23,Female,Master's,Associate,0,64139
51,Female,Master's,Machine Learning Engineer,13,161385
24,Female,Bachelor's,Customer Support Specialist,2,39874
38,Female,Bachelor's,IT Support Specialist,1,45477
50,Male,PhD,Sales Manager,7,130986
58,Male,Master's,Operations Manager,11,121148
27,Male,High School,Graphic Designer,4,51104
28,Female,Master's,Associate,1,62244
33,Female,Bachelor's,Software Engineer,5,99937
50,Male,Master's,Security Engineer,5,122316
46,Female,PhD,Customer Support Specialist,1,55125
59,Male,Master's,HR Manager,7,95609
54,Male,Bachelor's,Senior Data Scientist,22,223013
50,Male,Bachelor's,IT Support Specialist,3,51780
39,Female,Master's,Associate,0,69527
23,Male,Bachelor's,Customer Support Specialist,0,37984
59,Male,Master's,Intern,1,45597
37,Female,PhD,Architect,5,113689
57,Female,Master's,Customer Support Specialist,2,43188
48,Male,High School,Marketing Manager,11,78740
32,Female,Bachelor's,Biomedical Engineer,9,94450
45,Female,PhD,IT Support Specialist,2,59588
53,Female,PhD,UX Designer,2,123355
49,Male,Master's,Electrical Engineer,8,112524
33,Male,Bachelor's,Security Engineer,5,120970
29,Female,Bachelor's,UX Designer,7,80868
31,Male,Bachelor's,Mechanical Engineer,5,96825
41,Female,Bachelor's,Database Administrator,6,95355
62,Female,High School,Consultant,44,116421
42,Female,Master's,Technical Writer,12,86314
28,Female,Master's,Customer Support Specialist,3,43903
61,Female,PhD,Senior Software Engineer,12,182555
23,Female,Bachelor's,Associate,1,51085
54,Male,Master's,Data Analyst,6,90730
65,Male,Master's,Vice President,32,295657
37,Female,Master's,IT Support Specialist,1,55681
55,Male,Bachelor's,Director of Engineering,21,221289
53,Male,PhD,Consultant,7,140892
48,Male,PhD,Accountant,3,85204
48,Male,Master's,IT Support Specialist,2,51472
40,Male,Master's,Software Engineer,5,124277
49,Male,Bachelor's,Senior Data Scientist,25,208536
60,Female,Master's,Research Scientist,24,141025
46,Female,High School,Machine Learning Engineer,12,114662
52,Male,Master's,Customer Support Specialist,3,48146
59,Male,Master's,Senior Software Engineer,28,217088
62,Female,Bachelor's,Project Manager,11,115778
46,Male,Bachelor's,Analyst,2,69449
46,Male,Bachelor's,Lawyer,11,141766
22,Male,High School,Intern,1,31436
65,Female,Master's,Operations Manager,27,137087
58,Female,PhD,DevOps Engineer,5,130327
53,Male,Bachelor's,Systems Administrator,5,71242
39,Male,Master's,Statistician,10,121822
26,Female,Bachelor's,Teacher,3,51042
21,Male,Master's,Customer Support Specialist,0,46408
65,Female,Bachelor's,Cloud Architect,28,200043
29,Female,PhD,Customer Support Specialist,0,53441
42,Female,PhD,Data Analyst,3,94021
45,Male,PhD,IT Support Specialist,4,57624
48,Female,Bachelor's,Operations Manager,11,104900
63,Female,Master's,Data Analyst,2,79464
40,Male,Master's,Consultant,5,118533
28,Female,High School,Accountant,3,50763
35,Male,Bachelor's,Customer Support Specialist,3,43560
41,Female,PhD,Healthcare Specialist,3,99599
33,Male,Master's,Network Engineer,7,120545
39,Female,PhD,Architect,10,131434
63,Female,PhD,Architect,13,153504
30,Male,Bachelor's,Project Manager,8,100484
41,Female,Master's,Analyst,1,74176
30,Male,Master's,Graphic Designer,2,60597
53,Female,Bachelor's,Consultant,23,127804
48,Male,PhD,Customer Support Specialist,3,58448
26,Female,PhD,Customer Support Specialist,0,52994
49,Female,PhD,Statistician,7,123136
25,Male,Master's,Intern,0,44123
35,Male,Bachelor's,Architect,11,112661
65,Female,Bachelor's,Database Administrator,35,140052
48,Male,PhD,Project Manager,11,141474
23,Male,Bachelor's,Intern,1,32744
26,Male,Bachelor's,Financial Analyst,4,84064
32,Male,Master's,Associate,1,67845
31,Male,Master's,Data Analyst,3,68170
65,Male,Master's,Customer Support Specialist,3,48245
59,Male,Master's,Senior Software Engineer,30,274405
39,Male,Master's,UX Designer,2,97356
26,Male,Bachelor's,Associate,1,52461
31,Female,PhD,Customer Support Specialist,3,47052
51,Female,Bachelor's,Civil Engineer,8,88016
56,Female,Bachelor's,Cloud Architect,28,209256
27,Male,Bachelor's,UX Designer,2,85745
37,Female,PhD,Consultant,5,137204
38,Male,Bachelor's,Software Engineer,10,103890
29,Male,High School,Marketing Manager,7,85636
34,Female,Bachelor's,Mechanical Engineer,9,88467
50,Male,Bachelor's,Consultant,11,120082
31,Female,Bachelor's,Analyst,1,52188
56,Male,High School,Database Administrator,6,73276
42,Male,Bachelor's,Data Analyst,4,73658
45,Female,Master's,Research Scientist,18,164753
65,Female,PhD,Lawyer,36,278811
21,Female,Master's,Customer Support Specialist,0,43090
21,Female,Bachelor's,Associate,0,55084
61,Male,Bachelor's,Product Manager,37,172125
64,Female,Master's,Junior Developer,1,66706
42,Female,Bachelor's,Analyst,4,70036
29,Male,High School,Data Scientist,5,97037
46,Male,Bachelor's,Data Analyst,8,67212
58,Male,High School,Customer Support Specialist,3,37294
25,Male,High School,Civil Engineer,5,70523
56,Female,Bachelor's,Product Manager,23,161990
51,Female,Master's,Machine Learning Engineer,20,193438
47,Male,Master's,Business Analyst,4,90698
38,Male,Master's,Product Manager,10,171571
24,Male,Bachelor's,Customer Support Specialist,2,43206
26,Male,Bachelor's,IT Support Specialist,4,54012
35,Male,PhD,Financial Analyst,6,115879
28,Male,PhD,IT Support Specialist,0,64334
28,Male,Bachelor's,DevOps Engineer,6,126681
39,Male,Master's,Junior Developer,2,64547
22,Male,Bachelor's,Associate,0,57859
38,Female,Master's,Financial Analyst,2,90626
40,Male,PhD,Architect,5,133020
26,Female,Bachelor's,Customer Support Specialist,2,40035
42,Male,Bachelor's,Systems Administrator,6,81013
42,Female,Master's,Database Administrator,8,117398
39,Male,PhD,Intern,1,41208
49,Female,High School,Product Manager,27,151100
24,Female,Bachelor's,Associate,0,49664
24,Female,Bachelor's,Associate,1,47251
33,Male,PhD,Biomedical Engineer,5,121511
29,Female,Master's,Intern,1,37263
62,Male,Bachelor's,IT Support Specialist,2,43573
52,Male,PhD,Director of Engineering,19,310430
29,Male,Bachelor's,Customer Support Specialist,3,44492
26,Male,Master's,Associate,1,66968
36,Male,Master's,Architect,11,115325
27,Female,Master's,Intern,1,40789
40,Male,Master's,Data Analyst,8,102452
41,Female,Bachelor's,Machine Learning Engineer,19,139461
46,Female,Master's,Vice President,21,274292
21,Male,Master's,Associate,0,67379
40,Female,PhD,DevOps Engineer,9,166371
48,Male,Bachelor's,Analyst,3,68414
59,Female,PhD,Data Analyst,9,108232
52,Male,High School,Software Engineer,7,90758
36,Female,Master's,IT Support Specialist,2,52241
30,Male,Master's,Analyst,3,81138
21,Male,Master's,Junior Developer,0,66661
25,Male,Bachelor's,IT Support Specialist,0,46119
62,Female,Bachelor's,Chief Financial Officer,15,219075
47,Female,PhD,IT Support Specialist,1,59609
39,Male,Master's,Junior Developer,3,70887
42,Female,Master's,Research Scientist,18,166139
64,Female,High School,Consultant,19,113112
27,Female,Master's,Graphic Designer,2,56165
24,Male,High School,Data Analyst,5,63205
44,Female,Bachelor's,Financial Analyst,6,84058
32,Female,Bachelor's,DevOps Engineer,10,122312
22,Male,Master's,Junior Developer,0,60175
63,Male,Master's,IT Support Specialist,1,54270
65,Female,High School,Vice President,38,219314
30,Female,Bachelor's,Product Manager,5,115528
58,Male,Master's,Analyst,2,69787
58,Male,Bachelor's,Machine Learning Engineer,24,155922
53,Male,Bachelor's,Cloud Architect,27,205842
59,Male,Master's,Senior Software Engineer,31,261958
35,Male,Master's,IT Support Specialist,4,51282
36,Male,Bachelor's,Mechanical Engineer,6,88994
21,Male,Bachelor's,Junior Developer,0,51376
47,Female,PhD,Machine Learning Engineer,17,227791
52,Male,Bachelor's,Research Scientist,30,165145
25,Female,PhD,Analyst,0,77733
34,Female,PhD,Accountant,3,77615
45,Male,Master's,Director of Engineering,15,238373
25,Female,Master's,Associate,0,55969
50,Female,Master's,Professor,25,138084
44,Female,Bachelor's,Security Engineer,6,139799
57,Male,Master's,Cloud Architect,23,275397
34,Male,Master's,Biomedical Engineer,6,114566
43,Male,Bachelor's,Consultant,21,145438
30,Male,Bachelor's,Product Manager,7,119873
39,Female,Master's,Electrical Engineer,14,130550
24,Male,Bachelor's,Intern,1,35291
31,Female,PhD,Associate,3,71039
35,Female,PhD,DevOps Engineer,6,132405
35,Female,Bachelor's,Junior Developer,0,54465
39,Female,Master's,Junior Developer,4,69798
49,Female,Master's,Biomedical Engineer,7,111820
56,Female,Bachelor's,Accountant,9,76787
58,Female,Master's,Architect,10,116858
56,Male,Master's,Machine Learning Engineer,32,193917
60,Female,Bachelor's,Research Scientist,17,112984
49,Male,Master's,Database Administrator,15,128690
27,Male,PhD,Associate,0,79946
64,Male,Master's,Machine Learning Engineer,22,203563
48,Male,PhD,Software Engineer,5,131651
53,Male,Bachelor's,Software Engineer,13,119633
46,Female,PhD,Data Scientist,8,137107
61,Male,High School,Operations Manager,20,106969
60,Female,Master's,Consultant,26,158327
27,Female,PhD,Customer Support Specialist,0,52134
43,Male,PhD,Healthcare Specialist,2,83260
48,Female,Master's,Cloud Architect,24,228876
39,Female,Master's,Intern,1,40026
65,Male,Bachelor's,Lawyer,42,248192
40,Male,Master's,Financial Analyst,4,118209
48,Male,PhD,Electrical Engineer,7,130795
37,Male,Master's,DevOps Engineer,13,138724
40,Male,Bachelor's,Security Engineer,13,132741
48,Female,Bachelor's,Civil Engineer,11,83226
52,Female,PhD,Analyst,0,76366
28,Female,Master's,Graphic Designer,3,58576
42,Female,PhD,Network Engineer,7,91101
46,Female,Bachelor's,Database Administrator,23,116042
54,Male,High School,Product Manager,30,143280
46,Male,Bachelor's,Machine Learning Engineer,19,158418
36,Male,PhD,Statistician,7,122962
29,Male,Bachelor's,Architect,7,113874
30,Male,Bachelor's,Financial Analyst,6,89573
31,Female,PhD,Junior Developer,2,60580
32,Male,Bachelor's,HR Manager,6,86720
59,Male,Bachelor's,Cloud Architect,28,236708
38,Female,PhD,Customer Support Specialist,0,48594
65,Female,PhD,Marketing Manager,8,113404
33,Female,Master's,Graphic Designer,2,56659
44,Male,Master's,Economist,17,144224
44,Female,Bachelor's,IT Support Specialist,0,38956
49,Female,Master's,Chief Executive Officer,16,277867
52,Female,Bachelor's,Security Engineer,23,174091
43,Male,Master's,Machine Learning Engineer,13,192993
29,Male,PhD,Customer Support Specialist,1,62315
39,Female,PhD,IT Support Specialist,3,63782
57,Male,Master's,Security Engineer,30,168082
62,Female,High School,Economist,28,106722
37,Male,Bachelor's,Biomedical Engineer,9,89029
51,Female,PhD,Lawyer,13,164297
22,Female,Bachelor's,Junior Developer,0,47184
51,Female,PhD,Professor,21,163606
65,Female,PhD,Chief Executive Officer,16,314912
26,Male,Bachelor's,Analyst,3,64118
22,Male,Bachelor's,Analyst,0,54988
22,Female,Bachelor's,Associate,0,53245
37,Female,PhD,Architect,7,122197
26,Male,Bachelor's,Junior Developer,4,60300
50,Male,Master's,Systems Administrator,8,101833
49,Female,Master's,Electrical Engineer,12,125022
53,Female,Bachelor's,DevOps Engineer,13,119957
48,Female,Master's,Product Manager,10,145731
30,Female,Bachelor's,Network Engineer,8,92069
54,Female,High School,Database Administrator,12,97862
21,Female,High School,Customer Support Specialist,1,37074
44,Male,Master's,Database Administrator,18,153022
44,Female,Master's,Associate,3,70993
56,Female,Bachelor's,Senior Data Scientist,22,184661
37,Male,Bachelor's,Civil Engineer,7,86786
26,Female,Master's,Junior Developer,0,61675
30,Male,Bachelor's,Financial Analyst,4,76040
25,Female,Bachelor's,Analyst,2,57656
55,Female,Master's,Cloud Architect,26,221779
37,Female,Master's,Network Engineer,5,104317
60,Female,Master's,Biomedical Engineer,5,94977
41,Female,Bachelor's,Database Administrator,5,100139
22,Male,Bachelor's,Intern,0,35715
24,Female,Bachelor's,Customer Support Specialist,2,43870
33,Female,Bachelor's,IT Support Specialist,1,49162
31,Male,Master's,Junior Developer,4,75703
55,Male,Master's,Professor,29,156907
25,Male,Master's,Intern,0,37060
59,Female,High School,Vice President,37,200938
37,Male,Master's,Product Manager,13,182739
49,Male,Master's,Architect,11,115741
49,Male,Bachelor's,UX Designer,9,92045
56,Female,Master's,Economist,25,149478
64,Male,Master's,Professor,21,132549
30,Male,Bachelor's,Business Analyst,2,60055
63,Female,Bachelor's,DevOps Engineer,12,122463
25,Male,Master's,IT Support Specialist,0,54695
65,Male,Master's,Database Administrator,26,148730
65,Female,Master's,Cloud Architect,11,183512
60,Male,Master's,IT Support Specialist,0,52629
50,Male,PhD,DevOps Engineer,8,156402
54,Male,Bachelor's,Product Manager,31,165231
42,Female,Bachelor's,Vice President,19,242222
52,Female,PhD,Operations Manager,13,162281
64,Male,Bachelor's,Operations Manager,21,131931
49,Male,PhD,Economist,20,155807
54,Male,Master's,Healthcare Specialist,4,89969
65,Female,Bachelor's,Consultant,37,121210
42,Male,Bachelor's,Junior Developer,0,52408
23,Male,Master's,Associate,0,52761
55,Female,Master's,DevOps Engineer,10,131041
61,Male,Master's,Data Analyst,4,88421
23,Male,Bachelor's,Customer Support Specialist,0,39276
24,Female,Bachelor's,Junior Developer,2,52543
65,Female,Master's,Chief Executive Officer,18,239865
53,Female,Bachelor's,Professor,29,130194
40,Female,PhD,Product Manager,9,167576
28,Male,Bachelor's,IT Support Specialist,4,48617
49,Male,Bachelor's,Senior Data Scientist,20,215048
54,Female,PhD,Graphic Designer,3,65468
31,Male,Bachelor's,Software Engineer,5,91243
44,Male,Master's,Research Scientist,15,150773
45,Male,Bachelor's,Database Administrator,22,115311
32,Female,Bachelor's,Research Scientist,10,106193
40,Female,PhD,Consultant,8,145907
23,Female,High School,Electrical Engineer,5,74033
51,Male,Bachelor's,Operations Manager,14,114933
47,Female,Bachelor's,Accountant,4,62856
54,Male,Bachelor's,Senior Software Engineer,18,192690
40,Female,Master's,Cloud Architect,16,223210
34,Male,Bachelor's,Data Analyst,3,63797
52,Male,Bachelor's,Senior Software Engineer,14,186385
36,Male,PhD,Biomedical Engineer,6,112638
50,Male,Master's,Software Engineer,12,133628
36,Female,Master's,Electrical Engineer,8,118776
35,Male,Master's,Machine Learning Engineer,11,148331
26,Male,High School,IT Support Specialist,4,39243
54,Female,High School,Sales Manager,6,73136
43,Male,Bachelor's,Electrical Engineer,7,95174
59,Male,Bachelor's,Architect,11,94111
41,Female,Bachelor's,Financial Analyst,7,77294
46,Female,Bachelor's,Consultant,20,126052
38,Male,Master's,Electrical Engineer,9,115331
23,Female,Master's,IT Support Specialist,0,51710
49,Male,Bachelor's,Lawyer,26,186013
63,Female,Bachelor's,Consultant,17,106916
37,Male,Master's,Statistician,10,116756
35,Male,Bachelor's,Marketing Manager,12,89590
65,Male,Bachelor's,Director of Engineering,26,240367
35,Male,Bachelor's,Associate,3,58173
54,Female,Bachelor's,Junior Developer,1,50040
51,Male,Master's,Sales Manager,5,102065
28,Female,Bachelor's,Analyst,1,61443
32,Female,Bachelor's,DevOps Engineer,8,122780
38,Female,Master's,Mechanical Engineer,6,102700
35,Female,Master's,Software Engineer,3,99116
62,Female,High School,Lawyer,38,169902
47,Female,Master's,Economist,22,145371
54,Female,PhD,Chief Executive Officer,17,296706
30,Female,Master's,Junior Developer,0,61131
54,Female,Master's,Operations Manager,10,125721
60,Female,Bachelor's,Associate,2,60607
50,Female,PhD,Healthcare Specialist,2,72670
46,Male,Master's,Professor,15,118895
25,Male,Bachelor's,Customer Support Specialist,1,38484
46,Female,Master's,Product Manager,19,156340
25,Male,Bachelor's,Software Engineer,2,87194
54,Male,Bachelor's,Product Manager,19,145902
28,Male,Bachelor's,Customer Support Specialist,1,38262
37,Female,Bachelor's,UX Designer,5,82216
41,Female,Master's,Cloud Architect,12,202989
55,Male,Bachelor's,Business Analyst,4,82658
56,Male,Bachelor's,Operations Manager,34,136601
34,Male,Master's,Financial Analyst,4,92300
27,Female,Master's,Customer Support Specialist,2,54076
60,Male,Master's,Product Manager,18,171482
52,Male,Bachelor's,Associate,2,60564
46,Male,Bachelor's,Chief Financial Officer,15,209662
22,Female,High School,Intern,0,27549
41,Male,PhD,Economist,10,125684
36,Female,Bachelor's,Statistician,14,99128
23,Female,High School,Associate,1,47071
51,Male,Master's,Director of Engineering,23,245819
24,Male,Bachelor's,IT Support Specialist,0,46312
25,Female,Master's,Junior Developer,0,59649
37,Male,PhD,Associate,4,76892
28,Male,Bachelor's,Graphic Designer,3,55592
42,Male,Bachelor's,Project Manager,13,107638
25,Male,Bachelor's,Junior Developer,1,61115
38,Male,PhD,Mechanical Engineer,8,119780
41,Male,Bachelor's,Software Engineer,7,96981
61,Female,Bachelor's,Vice President,28,223623
38,Female,PhD,Associate,0,77731
45,Female,Master's,Research Scientist,10,149949
37,Male,Master's,UX Designer,3,106088
65,Male,Bachelor's,Chief Executive Officer,36,277461
46,Female,Bachelor's,Senior Software Engineer,16,207967
61,Male,Bachelor's,Director of Engineering,33,251408
27,Male,Master's,Accountant,3,81912
65,Female,Bachelor's,Accountant,3,55693
45,Female,High School,Professor,12,102971
46,Male,Master's,Cloud Architect,21,250025
43,Male,PhD,Mechanical Engineer,14,125483
37,Female,Master's,Marketing Manager,9,102188
32,Male,Bachelor's,Civil Engineer,9,102955
47,Female,PhD,Technical Writer,13,104698
24,Male,High School,Accountant,2,52699
28,Male,Bachelor's,Database Administrator,6,96970
64,Male,Bachelor's,Economist,34,146887
57,Female,Bachelor's,Professor,14,130832
24,Female,Master's,Customer Support Specialist,0,39603
58,Female,Bachelor's,Marketing Manager,14,83239
39,Male,PhD,Graphic Designer,4,63750
26,Female,Master's,Analyst,0,70991
55,Male,Bachelor's,Chief Technology Officer,18,264383
39,Male,Master's,Data Analyst,2,77178
63,Female,Master's,Economist,21,137012
65,Male,Master's,Lawyer,40,238384
38,Female,Master's,Product Manager,12,134986
50,Male,High School,Database Administrator,20,105129
21,Male,Bachelor's,IT Support Specialist,0,42489
36,Male,Master's,Security Engineer,5,135500
29,Female,Bachelor's,Data Analyst,6,61937
40,Male,Master's,Database Administrator,13,117962
22,Female,High School,Financial Analyst,4,77352
21,Male,Master's,IT Support Specialist,0,55494
53,Male,Bachelor's,Machine Learning Engineer,10,145677
46,Male,PhD,Director of Engineering,16,299377
42,Male,Master's,HR Manager,9,91052
54,Female,Bachelor's,Data Scientist,7,124583
38,Female,Master's,Senior Software Engineer,11,188564
53,Male,Bachelor's,Director of Engineering,22,192240
52,Male,Master's,Vice President,28,346529
44,Male,Master's,Electrical Engineer,13,136913
30,Male,Master's,Customer Support Specialist,0,40904
50,Female,Master's,Director of Engineering,18,268455
35,Male,Bachelor's,Intern,1,33425
31,Female,Bachelor's,Analyst,2,67129
57,Female,Bachelor's,Lawyer,15,155758
21,Female,Bachelor's,Customer Support Specialist,0,42735
27,Male,Bachelor's,Junior Developer,0,50709
21,Female,PhD,Associate,0,69050
42,Female,Bachelor's,Analyst,1,56363
61,Male,Bachelor's,Professor,14,123309
37,Male,High School,Senior Software Engineer,15,148387
53,Female,Bachelor's,Accountant,9,72208
48,Female,PhD,Security Engineer,12,184304
39,Female,Bachelor's,Director of Engineering,16,167714
25,Male,Master's,IT Support Specialist,0,52887
50,Female,Master's,IT Support Specialist,1,54277
44,Female,PhD,Operations Manager,13,133034
39,Male,Master's,IT Support Specialist,2,44883
35,Male,PhD,Intern,0,42265
48,Male,Master's,Chief Financial Officer,20,288319
53,Male,Master's,Cloud Architect,24,207696
60,Male,Master's,Professor,32,162645
61,Female,PhD,Chief Executive Officer,33,390140
65,Male,PhD,Senior Data Scientist,28,261137
38,Female,Bachelor's,Marketing Manager,9,80427
21,Female,High School,Analyst,0,49830
22,Female,High School,Customer Support Specialist,1,38542
44,Male,Master's,Mechanical Engineer,5,101233
38,Male,Bachelor's,Analyst,0,61956
49,Female,PhD,Financial Analyst,8,131833
39,Female,Bachelor's,DevOps Engineer,6,106914
32,Male,Bachelor's,Analyst,0,54874
23,Male,Master's,Junior Developer,0,64333
61,Male,Master's,Vice President,27,272691
29,Male,Bachelor's,Teacher,3,53851
49,Male,PhD,Senior Data Scientist,17,236234
31,Male,Bachelor's,Network Engineer,6,93731
62,Male,Master's,Chief Technology Officer,36,376163
30,Male,Bachelor's,Customer Support Specialist,0,40047
29,Male,Master's,Associate,1,69049
22,Male,Bachelor's,Analyst,0,57876
33,Male,High School,Graphic Designer,4,43233
47,Male,Master's,Data Analyst,8,89614
49,Male,Master's,Product Manager,8,159701
57,Male,Bachelor's,Electrical Engineer,12,113854
36,Male,PhD,Graphic Designer,3,72429
51,Female,High School,Senior Software Engineer,30,177089
27,Female,High School,Marketing Manager,8,75099
25,Male,Master's,Associate,0,62339
21,Female,Master's,Associate,0,58520
37,Female,PhD,Architect,8,143122
29,Female,Bachelor's,Associate,0,51454
48,Male,Master's,Chief Technology Officer,17,289986
50,Female,PhD,Senior Software Engineer,21,258874
54,Female,High School,Research Scientist,17,110846
38,Male,High School,Machine Learning Engineer,14,131466
24,Male,Bachelor's,Analyst,2,66492
40,Male,Bachelor's,Software Engineer,3,90090
54,Female,Master's,Mechanical Engineer,9,87263
55,Female,Bachelor's,Chief Executive Officer,28,244747
65,Female,Bachelor's,Business Analyst,2,67930
48,Male,Master's,Consultant,21,137405
61,Female,Master's,Director of Engineering,19,267788
24,Male,High School,Data Analyst,2,57433
37,Male,Master's,Machine Learning Engineer,13,156307
25,Female,High School,Healthcare Specialist,2,64500
21,Male,Bachelor's,Junior Developer,0,50948
22,Male,Master's,Junior Developer,0,61380
40,Female,PhD,UX Designer,9,113511
23,Female,High School,Graphic Designer,4,46576
57,Female,Bachelor's,Lawyer,26,180328
63,Male,Bachelor's,Data Scientist,13,130977
35,Female,Master's,Sales Manager,7,102606
32,Female,Master's,Marketing Manager,7,101453
49,Female,Bachelor's,Product Manager,27,170545
32,Male,PhD,Intern,0,41852
50,Female,PhD,Cloud Architect,15,247958
25,Male,Bachelor's,Customer Support Specialist,1,39238
21,Female,PhD,Associate,0,60918
52,Female,Bachelor's,Associate,1,60471
37,Female,Bachelor's,Software Engineer,5,97085
23,Male,High School,Analyst,0,46796
63,Female,Master's,Senior Data Scientist,16,211420
33,Male,Master's,Biomedical Engineer,9,108900
38,Female,Bachelor's,Customer Support Specialist,0,44077
42,Male,Master's,Architect,9,117451
36,Female,Master's,Analyst,1,64324
48,Female,Master's,Chief Technology Officer,19,288688
43,Female,Master's,Security Engineer,15,145429
29,Female,Bachelor's,Consultant,5,99512
29,Female,Master's,Financial Analyst,3,95766
39,Male,Bachelor's,IT Support Specialist,2,53253
46,Female,Bachelor's,Economist,15,119253
50,Female,Master's,Technical Writer,11,93383
65,Male,High School,Intern,1,28664
64,Female,Master's,Senior Data Scientist,33,260230
26,Female,Master's,Intern,0,33539
40,Female,Master's,Electrical Engineer,11,122629
40,Female,Master's,Project Manager,11,115162
41,Female,PhD,Research Scientist,10,130363
61,Female,High School,Operations Manager,43,114595
38,Female,Master's,Biomedical Engineer,9,115174
21,Male,High School,Teacher,3,46589
32,Male,Master's,Accountant,2,77088
59,Female,Bachelor's,Healthcare Specialist,3,63307
62,Female,Master's,Project Manager,8,141790
37,Female,PhD,Systems Administrator,9,111999
64,Female,Bachelor's,Lawyer,25,174846
55,Female,Bachelor's,Mechanical Engineer,11,85380
62,Male,Master's,Data Analyst,2,70233
41,Female,Master's,Accountant,4,70202
55,Male,Master's,Security Engineer,21,198858
64,Male,Master's,Operations Manager,21,131080
21,Female,Bachelor's,IT Support Specialist,0,43571
50,Male,Bachelor's,Chief Financial Officer,20,228975
55,Female,High School,Sales Manager,5,81203
58,Female,Bachelor's,Chief Financial Officer,17,202791
55,Male,PhD,Chief Executive Officer,17,312305
63,Male,High School,Consultant,33,125278
46,Male,Bachelor's,Professor,24,144355
41,Female,Master's,Statistician,6,90969
55,Male,PhD,Graphic Designer,4,74481
24,Female,Master's,Junior Developer,0,64235
54,Female,Master's,Healthcare Specialist,3,76941
36,Female,Master's,Customer Support Specialist,1,39044
56,Male,Master's,Data Analyst,8,93859
32,Female,PhD,IT Support Specialist,1,54289
48,Male,Master's,DevOps Engineer,6,130928
48,Male,Bachelor's,Mechanical Engineer,7,93179
59,Female,PhD,Product Manager,21,203575
31,Male,High School,Consultant,8,93533
32,Male,Bachelor's,DevOps Engineer,7,124315
41,Female,Master's,Systems Administrator,9,102173
38,Male,Master's,Biomedical Engineer,5,101568
29,Female,High School,Junior Developer,3,50040
42,Female,Master's,Sales Manager,9,113860
29,Male,Master's,Biomedical Engineer,5,100661
48,Male,Bachelor's,Marketing Manager,7,89384
24,Female,Bachelor's,Intern,0,31200
59,Female,PhD,Lawyer,31,248826
44,Male,PhD,Financial Analyst,8,123738
44,Female,Master's,Sales Manager,12,98025
21,Female,Master's,Customer Support Specialist,0,45522
65,Male,Master's,Junior Developer,0,49077
64,Male,Master's,Security Engineer,21,181273
33,Male,Bachelor's,Accountant,5,76206
27,Female,Bachelor's,Graphic Designer,3,50487
38,Male,Master's,Healthcare Specialist,3,68392
58,Female,PhD,Product Manager,24,208151
24,Female,Bachelor's,IT Support Specialist,1,43025
25,Male,High School,Intern,1,32398
45,Male,Master's,Analyst,0,71832
42,Male,Bachelor's,HR Manager,6,81691
22,Male,Master's,IT Support Specialist,0,48986
28,Female,Bachelor's,Data Analyst,5,74234
35,Male,PhD,Customer Support Specialist,1,49478
64,Male,Bachelor's,Junior Developer,2,58960
59,Male,PhD,Civil Engineer,10,116352
56,Female,PhD,Technical Writer,12,106195
35,Female,Master's,Sales Manager,8,100950
52,Male,High School,Operations Manager,22,105778
35,Male,Bachelor's,Associate,2,63636
44,Female,PhD,Healthcare Specialist,3,95338
36,Male,PhD,Teacher,4,71314
23,Female,Bachelor's,Customer Support Specialist,0,34881
33,Female,Bachelor's,Product Manager,6,123656
26,Male,Bachelor's,Customer Support Specialist,1,42457
48,Female,Master's,Consultant,17,141424
38,Female,PhD,Electrical Engineer,7,129717
27,Male,Master's,IT Support Specialist,0,48430
58,Female,Bachelor's,Economist,34,146858
64,Male,Master's,Security Engineer,33,201700
54,Male,Bachelor's,UX Designer,7,95167
31,Male,Bachelor's,Database Administrator,5,98324
21,Female,Master's,Junior Developer,0,59762
38,Female,Bachelor's,Security Engineer,5,120997
37,Female,Bachelor's,UX Designer,3,79180
26,Male,Bachelor's,Business Analyst,4,92546
58,Male,High School,Lawyer,40,201865
48,Male,Master's,Chief Financial Officer,18,287659
46,Male,Master's,Machine Learning Engineer,17,183185
60,Female,PhD,Lawyer,17,213912
23,Female,Master's,Customer Support Specialist,0,40207
64,Male,Bachelor's,Director of Engineering,32,248159
28,Female,Bachelor's,Junior Developer,4,51455
46,Male,Bachelor's,DevOps Engineer,5,128515
26,Male,Bachelor's,Customer Support Specialist,1,44680
36,Female,PhD,Statistician,7,107744
33,Male,Master's,Intern,1,46835
40,Female,Master's,Junior Developer,1,60144
40,Female,Master's,Data Scientist,5,118851
51,Male,Bachelor's,Economist,24,129052
64,Male,PhD,Senior Software Engineer,26,264604
32,Male,Bachelor's,Accountant,5,73153
56,Female,PhD,Operations Manager,23,163220
36,Female,Bachelor's,Customer Support Specialist,4,44728
59,Male,Bachelor's,Software Engineer,4,80037
65,Male,Bachelor's,Consultant,40,158257
31,Male,Master's,Data Analyst,4,75906
51,Female,Master's,Software Engineer,3,100630
59,Male,Master's,Economist,14,127397
50,Male,Bachelor's,Product Manager,26,154005
45,Female,PhD,Research Scientist,10,134247
60,Male,Bachelor's,Machine Learning Engineer,20,165905
44,Female,Bachelor's,Security Engineer,16,150214
37,Male,Master's,Intern,1,39152
28,Male,Master's,Financial Analyst,2,93858
27,Male,Bachelor's,Customer Support Specialist,4,50082
49,Male,Master's,Technical Writer,12,102352
23,Female,High School,Customer Support Specialist,1,29726
54,Male,Bachelor's,Electrical Engineer,8,103519
43,Male,High School,Research Scientist,22,101777
63,Female,Master's,Intern,0,40243
46,Female,Bachelor's,Senior Data Scientist,18,157352
65,Female,Master's,Marketing Manager,7,94391
45,Female,PhD,Sales Manager,5,119563
59,Male,Bachelor's,Product Manager,22,130710
52,Female,Master's,Consultant,15,134230
49,Female,Bachelor's,Chief Executive Officer,22,280248
60,Male,Bachelor's,Marketing Manager,7,79245
42,Male,PhD,Associate,2,81596
47,Female,Master's,Architect,14,120557
44,Male,Bachelor's,Sales Manager,7,86680
58,Male,PhD,Lawyer,27,222555
34,Female,High School,Mechanical Engineer,13,87913
27,Female,Master's,UX Designer,3,87786
40,Male,PhD,Software Engineer,2,117801
26,Female,PhD,Junior Developer,0,70332
40,Female,PhD,Project Manager,8,124899
65,Female,PhD,Research Scientist,23,154853
36,Female,Master's,Data Analyst,6,93177
58,Female,PhD,Junior Developer,0,69775
38,Male,Master's,Mechanical Engineer,5,95271
39,Male,PhD,Database Administrator,8,134161
61,Female,Master's,Machine Learning Engineer,22,187863
48,Male,PhD,Cloud Architect,19,276378
65,Female,Bachelor's,Machine Learning Engineer,33,155741
48,Female,Master's,IT Support Specialist,3,53500
51,Male,PhD,HR Manager,6,105056
45,Male,Bachelor's,Intern,0,34763
40,Male,PhD,Security Engineer,7,177361
56,Male,Bachelor's,Cloud Architect,29,213268
60,Male,PhD,Chief Executive Officer,28,395544
30,Male,PhD,IT Support Specialist,1,65029
56,Male,Master's,Senior Software Engineer,30,254386
37,Male,Master's,Mechanical Engineer,8,97396
63,Male,High School,UX Designer,6,85773
59,Female,Bachelor's,HR Manager,8,79567
62,Female,Bachelor's,Chief Financial Officer,29,234552
57,Male,Bachelor's,IT Support Specialist,4,47087
32,Male,PhD,Customer Support Specialist,3,51927
31,Male,Bachelor's,Associate,1,52384
22,Female,Bachelor's,Customer Support Specialist,0,39210
52,Male,Master's,Data Scientist,8,147625
26,Female,Bachelor's,Junior Developer,1,52472
45,Male,Master's,Director of Engineering,20,262849
37,Female,Bachelor's,Customer Support Specialist,3,45524
26,Male,Master's,Financial Analyst,2,96930
37,Male,PhD,Systems Administrator,7,120870
45,Male,Bachelor's,Database Administrator,18,125823
44,Male,Bachelor's,Analyst,1,68005
48,Male,PhD,Associate,2,71761
43,Female,Master's,Lawyer,15,200975
41,Female,High School,HR Manager,9,66951
28,Female,Bachelor's,Healthcare Specialist,4,56755
56,Female,Bachelor's,Analyst,1,53640
43,Female,PhD,Product Manager,14,172202
64,Male,Master's,Security Engineer,15,146754
48,Male,Bachelor's,Analyst,2,60779
57,Male,PhD,Director of Engineering,22,353122
31,Male,Bachelor's,HR Manager,7,84004
63,Male,PhD,Professor,27,162107
45,Male,Master's,Analyst,1,69703
30,Male,Master's,Data Analyst,4,84131
38,Female,Master's,Machine Learning Engineer,14,156784
34,Male,Master's,Intern,0,36370
33,Female,Master's,Marketing Manager,7,105425
48,Male,Master's,Director of Engineering,16,258543
28,Female,Bachelor's,Associate,3,51877
28,Male,Bachelor's,Analyst,1,59344
65,Female,Bachelor's,Software Engineer,9,114784
36,Female,Master's,Architect,11,146824
60,Female,PhD,Electrical Engineer,13,136333
30,Female,Bachelor's,Systems Administrator,6,82647
52,Male,PhD,UX Designer,8,131597
52,Female,Master's,Director of Engineering,20,256281
59,Female,Bachelor's,DevOps Engineer,9,121180
58,Male,Master's,Chief Financial Officer,22,297120
43,Female,Bachelor's,Healthcare Specialist,3,72251
21,Male,Bachelor's,IT Support Specialist,0,43839
60,Male,Bachelor's,Security Engineer,15,152444
29,Male,Bachelor's,Marketing Manager,6,91146
53,Female,Bachelor's,Architect,12,114717
57,Female,Bachelor's,Technical Writer,13,77161
48,Female,Bachelor's,Software Engineer,13,128275
44,Female,Master's,Junior Developer,1,65007
51,Male,Bachelor's,Director of Engineering,24,247996
62,Female,Bachelor's,Operations Manager,32,152163
61,Male,Master's,Consultant,22,139630
62,Female,Master's,Vice President,25,281274
61,Male,Master's,Lawyer,21,221198
29,Male,Bachelor's,Associate,2,57211
54,Male,High School,Graphic Designer,4,41867
22,Male,Bachelor's,Customer Support Specialist,0,44690
39,Male,Master's,Data Scientist,7,124234
41,Female,PhD,Architect,12,131760
23,Male,Bachelor's,Associate,0,55192
33,Female,Master's,Project Manager,9,111820
41,Female,Master's,Biomedical Engineer,9,103376
53,Male,High School,Consultant,30,138523
41,Male,Master's,Professor,17,126499
23,Male,Bachelor's,Analyst,0,58344
29,Male,PhD,Customer Support Specialist,1,48898
35,Male,Master's,Business Analyst,4,86797
59,Male,Bachelor's,HR Manager,8,90476
38,Male,PhD,Project Manager,7,124531
48,Female,PhD,Lawyer,10,189902
39,Male,Master's,Teacher,2,68911
57,Male,Bachelor's,Research Scientist,22,132877
33,Male,Master's,Financial Analyst,7,102605
48,Male,Master's,Database Administrator,20,153976
56,Male,Bachelor's,Product Manager,26,168295
42,Male,PhD,Electrical Engineer,8,150683
28,Female,Bachelor's,Associate,4,58810
51,Male,High School,Vice President,21,170356
27,Female,Bachelor's,Teacher,3,62134
43,Male,Bachelor's,Consultant,10,103473
54,Female,Master's,Chief Financial Officer,25,236708
25,Male,PhD,Intern,0,39272
61,Female,PhD,Chief Financial Officer,21,323281
62,Male,Master's,Director of Engineering,28,307437
41,Female,Master's,Data Scientist,13,136209
33,Female,Bachelor's,IT Support Specialist,0,37989
29,Female,High School,Teacher,4,43678
36,Male,Bachelor's,HR Manager,5,79851
52,Male,Master's,Cloud Architect,20,243161
59,Male,Bachelor's,Architect,8,107737
32,Male,Bachelor's,Healthcare Specialist,3,68547
40,Male,High School,Consultant,17,108363
30,Male,Bachelor's,IT Support Specialist,4,47874
32,Female,PhD,Software Engineer,4,122531
39,Male,Master's,Product Manager,14,174663
53,Female,Master's,Professor,22,126381
21,Male,Bachelor's,Customer Support Specialist,0,42240
35,Male,Master's,Healthcare Specialist,4,94192
50,Male,Bachelor's,Junior Developer,2,61573
34,Female,High School,Operations Manager,15,86128
26,Female,Master's,Analyst,1,56502
39,Female,Bachelor's,Senior Data Scientist,17,189478
21,Male,Bachelor's,Customer Support Specialist,0,38641
29,Female,Master's,Analyst,0,63215
21,Male,High School,Junior Developer,0,45350
35,Male,PhD,Consultant,6,138025
49,Female,Master's,Analyst,1,82163
50,Male,PhD,Accountant,8,88252
41,Male,Master's,Data Scientist,13,143423
44,Male,Bachelor's,Graphic Designer,4,53746
27,Male,Master's,Customer Support Specialist,1,46632
29,Male,Master's,Junior Developer,0,62226
42,Male,Master's,Operations Manager,10,134785
34,Male,Bachelor's,DevOps Engineer,9,122869
49,Male,Master's,Professor,15,133070
47,Female,PhD,Mechanical Engineer,10,127292
38,Female,Master's,Security Engineer,8,150235
38,Male,Master's,Database Administrator,8,136371
29,Male,PhD,Customer Support Specialist,0,48970
51,Female,Bachelor's,Chief Financial Officer,22,248348
40,Male,Bachelor's,Intern,0,36710
52,Male,PhD,Director of Engineering,22,254426
63,Male,PhD,Marketing Manager,6,110500
31,Female,Master's,Data Analyst,5,81571
53,Male,Master's,Senior Data Scientist,21,244411
54,Male,Bachelor's,Chief Financial Officer,23,262911
58,Male,PhD,Vice President,21,334460
53,Male,Master's,Operations Manager,22,159609
62,Female,Master's,Director of Engineering,28,253985
53,Female,Master's,Operations Manager,23,157520
30,Female,Bachelor's,Product Manager,5,126556
21,Male,Master's,Junior Developer,0,63203
54,Male,High School,Chief Executive Officer,16,192771
63,Female,Bachelor's,Vice President,33,243999
26,Female,PhD,IT Support Specialist,0,53587
23,Female,High School,Junior Developer,0,47695
54,Male,Bachelor's,Research Scientist,20,134223
51,Male,PhD,Data Analyst,5,93073
48,Female,Master's,Chief Technology Officer,17,244106
47,Female,PhD,Vice President,18,299902
35,Female,Master's,Analyst,2,68597
39,Female,Master's,Associate,3,78736
21,Female,Bachelor's,Intern,0,32659
31,Female,Bachelor's,Accountant,2,67853
41,Female,Bachelor's,Healthcare Specialist,4,71113
38,Female,PhD,Project Manager,10,135451
55,Male,PhD,HR Manager,8,109265
26,Male,Bachelor's,Graphic Designer,2,52842
21,Female,High School,Analyst,1,54968
45,Male,PhD,Senior Data Scientist,15,256212
31,Male,Bachelor's,HR Manager,9,91988
45,Male,Bachelor's,Chief Technology Officer,16,205565
44,Female,Bachelor's,Biomedical Engineer,5,80928
41,Male,Bachelor's,Intern,0,37963
53,Male,PhD,Director of Engineering,24,320491
36,Female,Master's,Accountant,2,75740
29,Female,Bachelor's,Marketing Manager,6,96446
58,Male,Bachelor's,Cloud Architect,30,221383
54,Female,Bachelor's,Chief Executive Officer,28,244192
33,Male,Master's,Intern,1,46774
43,Female,Bachelor's,Chief Executive Officer,16,246612
43,Male,PhD,DevOps Engineer,11,156686
35,Male,PhD,Accountant,3,90622
27,Female,Bachelor's,Software Engineer,2,81964
27,Male,Master's,IT Support Specialist,3,58246
40,Female,Bachelor's,Lawyer,17,180197
53,Female,PhD,Database Administrator,5,127428
30,Female,Bachelor's,DevOps Engineer,7,126044
64,Female,Master's,Associate,4,66649
43,Male,High School,Teacher,4,39510
24,Male,Bachelor's,Associate,0,51543
50,Female,PhD,Business Analyst,4,97802
36,Male,High School,Senior Software Engineer,11,138164
54,Female,Bachelor's,Data Analyst,3,69980
21,Female,Bachelor's,IT Support Specialist,0,44990
50,Female,Bachelor's,Senior Data Scientist,19,215021
53,Female,Bachelor's,Database Administrator,25,115982
37,Male,Bachelor's,Customer Support Specialist,1,44444
26,Male,Bachelor's,Customer Support Specialist,4,50301
22,Female,Bachelor's,Intern,0,38083
22,Female,Master's,Analyst,0,60787
59,Male,Master's,Machine Learning Engineer,22,176087
43,Male,Master's,Economist,12,153481
51,Female,Bachelor's,Security Engineer,6,113415
34,Male,Master's,Associate,1,63401
62,Male,Master's,Vice President,16,254309
55,Female,High School,Intern,0,29641
30,Male,PhD,IT Support Specialist,1,62869
31,Female,Master's,Systems Administrator,7,87979
38,Male,High School,Senior Data Scientist,15,179796
21,Female,Bachelor's,IT Support Specialist,0,44726
53,Male,Bachelor's,Data Analyst,6,76729
61,Female,Bachelor's,UX Designer,7,81166
53,Male,Bachelor's,Machine Learning Engineer,27,191449
33,Female,Master's,Data Scientist,7,140652
33,Male,Master's,Mechanical Engineer,7,98981
37,Male,Master's,Senior Software Engineer,11,214979
53,Female,Bachelor's,Senior Data Scientist,30,241608
31,Male,High School,Operations Manager,13,95591
21,Female,Master's,Associate,0,65018
53,Female,Master's,Lawyer,27,225915
41,Male,PhD,Civil Engineer,12,127043
59,Female,Bachelor's,Junior Developer,2,52171
49,Female,Master's,Customer Support Specialist,0,48010
46,Female,Master's,Professor,15,127951
43,Female,Master's,Electrical Engineer,14,121384
42,Male,Bachelor's,Senior Software Engineer,12,177248
65,Male,Bachelor's,Chief Executive Officer,31,286629
43,Male,PhD,Research Scientist,12,154755
48,Female,Master's,Analyst,3,77045
40,Female,PhD,DevOps Engineer,9,180833
54,Male,PhD,Machine Learning Engineer,22,205489
30,Female,Bachelor's,IT Support Specialist,0,47083
27,Female,Master's,Customer Support Specialist,1,51433
65,Female,High School,Product Manager,28,139291
41,Female,Master's,Associate,3,59217
59,Female,Bachelor's,Customer Support Specialist,0,38987
25,Female,Master's,Customer Support Specialist,1,46302
44,Female,Master's,Analyst,4,71576
63,Male,High School,Electrical Engineer,8,88918
52,Female,Master's,Data Scientist,12,163364
43,Male,Bachelor's,Civil Engineer,6,93512
57,Male,Master's,Security Engineer,31,199767
21,Female,Bachelor's,Customer Support Specialist,0,44845
41,Female,High School,Financial Analyst,4,71366
45,Female,PhD,Teacher,4,70608
46,Male,PhD,Mechanical Engineer,10,136535
65,Male,Bachelor's,Chief Financial Officer,27,233730
37,Female,Master's,Customer Support Specialist,0,37944
36,Male,Bachelor's,Electrical Engineer,13,109472
49,Female,Master's,Product Manager,21,160055
56,Female,Master's,IT Support Specialist,0,51890
51,Male,Master's,Senior Data Scientist,18,247968
51,Female,Master's,Professor,10,139807
64,Female,Master's,DevOps Engineer,11,165599
23,Female,Master's,Associate,0,63263
62,Male,High School,Operations Manager,12,82993
25,Female,Bachelor's,Customer Support Specialist,0,45043
50,Male,Master's,Chief Technology Officer,15,266044
63,Female,Bachelor's,Vice President,21,213699
26,Male,Bachelor's,Accountant,4,73751
49,Male,PhD,Lawyer,18,187294
33,Female,Bachelor's,Biomedical Engineer,8,101879
44,Male,Master's,DevOps Engineer,5,136758
64,Female,Master's,Accountant,2,68873
58,Female,Master's,Senior Data Scientist,22,234396
59,Male,Bachelor's,Economist,17,128654
64,Male,High School,Operations Manager,24,122213
65,Female,High School,Chief Technology Officer,32,222949
32,Male,Bachelor's,Data Analyst,9,77209
44,Female,PhD,Data Analyst,8,97982
55,Female,Bachelor's,Healthcare Specialist,2,66975
56,Female,Master's,Electrical Engineer,8,121233
61,Male,Bachelor's,Technical Writer,10,64470
29,Male,Master's,Data Analyst,4,81897
33,Female,Master's,UX Designer,5,111096
49,Female,Master's,Machine Learning Engineer,13,156912
47,Male,Master's,Product Manager,13,180758
32,Male,Master's,Graphic Designer,4,61457
55,Female,High School,Security Engineer,20,148522
33,Male,Bachelor's,Associate,0,50533
43,Female,PhD,Chief Executive Officer,15,310362
64,Female,Master's,Chief Executive Officer,34,308622
27,Female,PhD,Analyst,0,73785
38,Female,Bachelor's,Accountant,9,69401
46,Female,Master's,Cloud Architect,13,196810
62,Male,Bachelor's,Cloud Architect,39,239403
31,Male,Bachelor's,Associate,2,59704
29,Female,Bachelor's,Customer Support Specialist,1,37481
53,Male,Bachelor's,Professor,23,131941
42,Female,Bachelor's,Biomedical Engineer,9,104553
28,Female,Bachelor's,Intern,0,35798
57,Male,PhD,Operations Manager,13,171469
23,Female,High School,Customer Support Specialist,0,34300
28,Female,Bachelor's,Business Analyst,3,75111
22,Female,Master's,Analyst,0,61381
50,Male,High School,Database Administrator,16,96193
47,Female,PhD,IT Support Specialist,4,69077
26,Female,High School,Data Analyst,7,68224
33,Female,Bachelor's,Systems Administrator,6,76877
49,Female,Master's,Product Manager,21,160000
54,Male,Bachelor's,Lawyer,23,162795
65,Male,Bachelor's,Chief Technology Officer,30,259801
25,Male,Bachelor's,Associate,0,56923
29,Female,Master's,Customer Support Specialist,3,49709
45,Female,Bachelor's,Systems Administrator,6,80292
48,Male,High School,Software Engineer,14,105035
28,Female,Bachelor's,Sales Manager,5,90195
24,Female,Master's,IT Support Specialist,0,49747
47,Male,High School,Electrical Engineer,8,84037
31,Female,Master's,Customer Support Specialist,2,47512
63,Female,High School,Electrical Engineer,6,74660
35,Male,PhD,Database Administrator,6,136356
59,Male,Bachelor's,Research Scientist,36,165185
24,Male,Bachelor's,Analyst,0,51794
43,Male,Master's,Analyst,0,65420
63,Male,PhD,Economist,20,142396
65,Male,Master's,Research Scientist,33,176221
38,Female,Bachelor's,Senior Software Engineer,13,167630
42,Female,PhD,Business Analyst,3,93651
23,Male,Bachelor's,Customer Support Specialist,0,40022
23,Female,Bachelor's,Analyst,0,54374
57,Female,Master's,Professor,13,127154
48,Female,Master's,Biomedical Engineer,5,92061
46,Male,Master's,Database Administrator,14,132114
41,Female,PhD,Statistician,9,127021
52,Male,Bachelor's,Lawyer,14,166461
59,Male,Master's,Research Scientist,16,137532
51,Male,PhD,Software Engineer,14,124125
49,Female,Master's,Security Engineer,23,197756
43,Male,Master's,Network Engineer,7,108863
35,Female,Bachelor's,Professor,11,88174
48,Female,PhD,Security Engineer,7,176115
45,Male,Bachelor's,Senior Software Engineer,14,190594
31,Male,PhD,Software Engineer,3,103351
31,Female,Bachelor's,Marketing Manager,6,73057
61,Female,Bachelor's,Director of Engineering,33,220054
39,Female,Bachelor's,Product Manager,11,138867
58,Female,PhD,Consultant,26,176037
28,Female,Master's,Teacher,4,60942
62,Male,Bachelor's,Database Administrator,38,143534
54,Female,Master's,Operations Manager,25,118655
46,Female,PhD,Associate,3,75070
39,Female,Master's,Database Administrator,7,114197
23,Male,Master's,IT Support Specialist,0,46123
57,Female,Master's,Senior Software Engineer,24,213994
48,Female,Master's,Statistician,6,97477
58,Female,Bachelor's,Machine Learning Engineer,25,161205
48,Female,Bachelor's,Product Manager,9,130751
35,Male,Bachelor's,Product Manager,9,138498
57,Female,Bachelor's,Lawyer,10,151163
29,Male,Bachelor's,Financial Analyst,6,83382
37,Female,Master's,Professor,10,130055
54,Male,High School,Product Manager,7,112730
36,Female,PhD,Consultant,7,133824
60,Male,Master's,Security Engineer,36,212384
21,Female,Bachelor's,Analyst,0,52832
60,Female,Bachelor's,Database Administrator,37,142948
21,Male,Bachelor's,Customer Support Specialist,0,45165
37,Male,Master's,Project Manager,9,133700
36,Female,PhD,Civil Engineer,5,106541
29,Male,PhD,Analyst,0,64166
63,Female,Bachelor's,Intern,1,32692
45,Male,PhD,Data Scientist,6,122240
50,Male,Bachelor's,UX Designer,3,90322
39,Female,PhD,Systems Administrator,7,101413
22,Male,High School,Customer Support Specialist,3,36212
61,Female,Bachelor's,Product Manager,11,131051
46,Male,Bachelor's,Director of Engineering,21,250236
57,Male,Bachelor's,Data Scientist,5,105609
47,Male,PhD,Database Administrator,9,135130
21,Female,Bachelor's,Intern,0,32608
37,Female,PhD,Product Manager,7,156673
25,Female,High School,Junior Developer,1,46663
49,Male,Master's,Lawyer,11,170466
30,Male,Master's,Graphic Designer,2,62405
63,Male,Master's,Technical Writer,11,86577
43,Male,Bachelor's,Product Manager,20,164193
37,Female,Master's,Systems Administrator,7,98853
27,Male,Master's,Data Analyst,2,78193
58,Male,Master's,Marketing Manager,13,122545
29,Male,Master's,Business Analyst,3,84281
37,Male,Master's,Software Engineer,13,156797
62,Male,Master's,Consultant,20,148862
30,Female,High School,Marketing Manager,5,70874
62,Male,Bachelor's,Data Analyst,7,77449
59,Female,Master's,Database Administrator,31,155706
44,Male,PhD,Cloud Architect,14,215979
63,Female,Bachelor's,IT Support Specialist,3,43178
24,Male,Bachelor's,Teacher,2,49437
54,Male,Master's,Consultant,13,151204
36,Female,Master's,Machine Learning Engineer,11,167765
54,Female,Bachelor's,Consultant,21,137539
25,Female,Master's,IT Support Specialist,1,51446
42,Female,PhD,Mechanical Engineer,5,115543
28,Male,PhD,IT Support Specialist,0,54162
63,Male,Bachelor's,Product Manager,29,145198
65,Male,Bachelor's,Software Engineer,3,90254
51,Female,High School,Chief Financial Officer,19,217266
61,Male,Bachelor's,Machine Learning Engineer,14,156684
47,Female,PhD,Accountant,3,93519
57,Male,Master's,Software Engineer,7,127267
62,Male,Master's,Analyst,1,76716
37,Male,Bachelor's,Economist,14,104304
58,Male,Bachelor's,Customer Support Specialist,1,44130
36,Male,High School,Project Manager,9,98726
21,Male,Bachelor's,IT Support Specialist,0,45176
37,Male,Master's,Customer Support Specialist,2,48596
61,Male,PhD,Chief Executive Officer,23,343754
32,Male,Master's,Analyst,1,70404
61,Female,Master's,Research Scientist,19,147409
47,Female,Bachelor's,Database Administrator,15,123882
56,Female,Bachelor's,Consultant,7,104644
52,Male,Master's,Vice President,15,227342
24,Female,High School,Software Engineer,6,72335
32,Male,Master's,Teacher,4,61696
31,Female,Bachelor's,Teacher,3,52807
36,Male,PhD,UX Designer,2,110947
35,Male,Master's,IT Support Specialist,3,56516
49,Male,Master's,Product Manager,24,173345
46,Male,Master's,Chief Financial Officer,22,311708
54,Male,Bachelor's,Senior Data Scientist,21,212762
57,Male,Bachelor's,Vice President,35,284680
31,Female,PhD,Intern,0,46837
46,Male,Bachelor's,Chief Technology Officer,21,252080
36,Male,Master's,Data Scientist,7,160324
54,Male,Master's,Senior Software Engineer,18,213933
54,Male,Bachelor's,Data Scientist,6,105413
40,Male,Bachelor's,Consultant,7,98955
45,Male,PhD,Financial Analyst,2,96136
32,Female,Master's,Project Manager,5,119240
56,Male,Master's,Business Analyst,4,96899
45,Female,PhD,Intern,0,43436
49,Female,Bachelor's,Systems Administrator,7,85016
55,Male,Bachelor's,Professor,12,128155
61,Male,Bachelor's,Senior Data Scientist,16,175917
56,Male,Master's,Mechanical Engineer,6,96000
61,Male,Bachelor's,Senior Software Engineer,21,202357
55,Male,PhD,Chief Financial Officer,16,284984
33,Female,Master's,Security Engineer,8,144476
42,Female,Bachelor's,Architect,11,110608
58,Female,Master's,Marketing Manager,10,118056
55,Male,Bachelor's,Mechanical Engineer,10,105085
39,Male,Bachelor's,Marketing Manager,10,76913
31,Male,Bachelor's,Accountant,3,65185
23,Female,Bachelor's,Junior Developer,0,62801
63,Female,High School,Database Administrator,13,92395
29,Female,Bachelor's,Security Engineer,6,121137
53,Male,Bachelor's,Marketing Manager,8,92134
50,Female,Bachelor's,Technical Writer,12,67337
25,Male,Master's,Associate,0,59699
52,Female,Master's,Chief Financial Officer,22,249298
46,Male,Master's,Economist,16,124868
23,Male,Bachelor's,IT Support Specialist,0,41304
64,Male,Master's,Chief Technology Officer,23,323418
61,Male,Bachelor's,Product Manager,8,115535
28,Female,Master's,Analyst,1,62863
60,Male,PhD,Consultant,6,124687
28,Male,Master's,Associate,4,65894
30,Female,Bachelor's,Graphic Designer,2,45410
32,Male,Master's,Product Manager,8,122355
55,Female,PhD,Cloud Architect,10,215632
28,Female,Bachelor's,UX Designer,4,74651
64,Male,PhD,Operations Manager,19,172627
45,Female,Bachelor's,Project Manager,10,106077
32,Male,Master's,Analyst,0,73762
22,Male,Master's,Associate,0,62995
45,Female,PhD,Security Engineer,7,169922
40,Female,Master's,Economist,11,130145
54,Male,Master's,Data Scientist,9,126647
63,Male,Bachelor's,Director of Engineering,16,223948
32,Female,Bachelor's,Data Analyst,2,61476
52,Male,PhD,Software Engineer,7,119222
50,Male,Bachelor's,Associate,0,50009
21,Female,Bachelor's,Customer Support Specialist,0,39224
45,Female,PhD,Accountant,8,82472
45,Male,Bachelor's,Cloud Architect,10,185793
57,Female,Master's,Database Administrator,28,142180
39,Female,Bachelor's,Cloud Architect,17,222806
41,Female,Master's,Senior Software Engineer,10,147266
63,Female,Master's,Chief Executive Officer,34,290460
63,Male,PhD,Project Manager,5,130402
46,Female,Bachelor's,Healthcare Specialist,3,71453
35,Female,Bachelor's,Technical Writer,11,68219
36,Female,Bachelor's,Security Engineer,10,132139
51,Male,Bachelor's,Database Administrator,16,110821
47,Female,PhD,Senior Software Engineer,13,220420
42,Female,PhD,Senior Software Engineer,10,212038
53,Male,Bachelor's,Security Engineer,17,142148
24,Female,High School,Systems Administrator,6,69631
61,Male,Master's,Vice President,31,287105
33,Female,Bachelor's,Financial Analyst,2,82340
25,Male,Bachelor's,Associate,0,55252
61,Female,Master's,Network Engineer,6,108744
34,Female,PhD,Business Analyst,4,103388
23,Male,Bachelor's,IT Support Specialist,0,39209
25,Male,Master's,Intern,1,37696
54,Male,Bachelor's,Marketing Manager,5,96826
45,Male,Bachelor's,Mechanical Engineer,14,103554
61,Male,Bachelor's,Consultant,7,107903
27,Female,Bachelor's,Customer Support Specialist,3,42936
63,Male,Master's,Chief Executive Officer,36,339841
42,Female,Bachelor's,Senior Data Scientist,16,188039
52,Male,PhD,Professor,10,142726
43,Female,Master's,HR Manager,6,96146
36,Female,Bachelor's,Software Engineer,10,99865
23,Male,Master's,Customer Support Specialist,0,44860
50,Female,Master's,Operations Manager,16,129162
25,Female,PhD,Customer Support Specialist,0,52169
36,Female,Master's,Customer Support Specialist,1,46331
22,Male,High School,UX Designer,3,67494
42,Female,Master's,Marketing Manager,6,95213
46,Male,PhD,Lawyer,14,223089
23,Female,Bachelor's,Intern,1,31437
30,Male,PhD,Intern,1,42727
22,Male,Bachelor's,Intern,0,36902
57,Male,High School,Director of Engineering,25,172538
59,Female,High School,Senior Software Engineer,34,179298
63,Male,Master's,Sales Manager,9,118310
43,Female,PhD,Professor,14,147769
23,Male,Bachelor's,Analyst,0,59987
57,Male,Bachelor's,Mechanical Engineer,5,92547
48,Male,Master's,Business Analyst,2,87139
59,Female,Bachelor's,Economist,34,127930
65,Female,Bachelor's,Director of Engineering,28,225103
55,Male,Master's,Product Manager,8,147221
55,Female,Bachelor's,Cloud Architect,33,247227
61,Female,Bachelor's,Junior Developer,0,57269
25,Male,Master's,Intern,1,38444
39,Male,Master's,Business Analyst,3,88937
59,Male,Master's,Security Engineer,13,154777
60,Female,PhD,Professor,26,156843
49,Female,PhD,Intern,0,44913
23,Male,Bachelor's,Customer Support Specialist,1,43088
26,Female,Bachelor's,Software Engineer,4,91027
31,Male,Bachelor's,Teacher,3,60867
54,Female,Bachelor's,Chief Technology Officer,30,286657
56,Male,Master's,Healthcare Specialist,4,81565
44,Male,PhD,Database Administrator,9,126084
32,Male,Bachelor's,Financial Analyst,4,72759
23,Female,Master's,Associate,0,54919
27,Male,Bachelor's,IT Support Specialist,1,53273
50,Male,Master's,Civil Engineer,10,106441
36,Male,Master's,Data Analyst,3,93968
65,Male,High School,Machine Learning Engineer,45,160813
21,Male,Bachelor's,Intern,0,37039
54,Female,PhD,Professor,10,156072
61,Female,Master's,Economist,21,145610
32,Male,Master's,Graphic Designer,4,64440
32,Male,Bachelor's,Project Manager,7,90762
64,Female,Bachelor's,Junior Developer,1,60400
65,Female,PhD,Cloud Architect,32,274208
37,Female,Bachelor's,Data Scientist,7,112835
60,Female,PhD,Financial Analyst,4,93782
63,Male,Master's,Product Manager,15,172772
24,Female,Bachelor's,Accountant,2,61504
59,Male,Master's,Security Engineer,10,144755
47,Male,PhD,Customer Support Specialist,0,49990
29,Female,Master's,UX Designer,2,98869
62,Male,PhD,Associate,0,61867
54,Male,PhD,Database Administrator,13,143460
21,Male,High School,Customer Support Specialist,1,32814
30,Male,Bachelor's,UX Designer,6,92770
28,Male,Master's,UX Designer,3,103156
35,Male,Master's,UX Designer,6,110904
36,Female,PhD,Accountant,7,86985
40,Female,Master's,Electrical Engineer,13,139443
63,Female,Master's,Director of Engineering,26,287245
44,Female,High School,Professor,22,103467
64,Female,Master's,Machine Learning Engineer,26,194610
46,Female,Master's,Financial Analyst,9,102515
39,Male,Master's,Intern,0,38786
55,Female,Bachelor's,Database Administrator,30,153208
44,Male,Master's,Research Scientist,15,152934
62,Female,High School,Consultant,43,111113
47,Female,PhD,Operations Manager,10,135082
53,Female,High School,Teacher,4,49347
52,Female,Master's,Lawyer,20,184354
62,Male,Master's,Professor,30,150423
46,Male,Master's,Teacher,4,58608
59,Male,Master's,Consultant,29,175114
54,Female,Bachelor's,Vice President,20,233024
45,Female,Master's,Electrical Engineer,12,126506
22,Male,Bachelor's,Junior Developer,0,52997
51,Female,Bachelor's,Healthcare Specialist,2,65697
56,Male,Master's,Chief Financial Officer,17,256436
53,Male,Bachelor's,Research Scientist,24,144859
34,Male,Bachelor's,Senior Software Engineer,12,161406
38,Female,Master's,Healthcare Specialist,3,89155
21,Female,High School,IT Support Specialist,3,39311
30,Male,Master's,IT Support Specialist,0,58714
54,Female,Master's,Consultant,26,164234
21,Female,Master's,Customer Support Specialist,0,43938
65,Female,Bachelor's,Database Administrator,39,131953
64,Male,Bachelor's,Senior Data Scientist,16,197025
37,Female,Master's,Architect,7,112341
60,Female,Bachelor's,Chief Executive Officer,31,298579
62,Male,PhD,Professor,13,151607
50,Male,Bachelor's,Economist,15,111792
44,Male,Bachelor's,Associate,4,61757
48,Female,PhD,Mechanical Engineer,11,124438
65,Male,PhD,Senior Software Engineer,31,280393
23,Female,High School,Intern,1,31964
26,Female,Bachelor's,Junior Developer,0,50385
43,Male,Bachelor's,IT Support Specialist,1,45254
40,Female,Master's,DevOps Engineer,9,146428
45,Male,Bachelor's,Product Manager,12,138629
28,Male,High School,Marketing Manager,8,68222
21,Female,High School,Financial Analyst,3,65678
34,Male,Bachelor's,Teacher,4,60316
59,Female,PhD,Professor,15,141491
47,Female,Bachelor's,Marketing Manager,8,89162
29,Male,Master's,Financial Analyst,2,93089
51,Male,Bachelor's,Graphic Designer,4,59039
22,Male,Bachelor's,Intern,0,35709
29,Female,PhD,Customer Support Specialist,0,53043
36,Male,Bachelor's,Marketing Manager,11,95384
24,Female,Bachelor's,IT Support Specialist,0,43919
24,Female,Bachelor's,Financial Analyst,2,78100
39,Male,Bachelor's,Operations Manager,17,114437
48,Male,Bachelor's,UX Designer,4,87784
21,Male,Bachelor's,Junior Developer,0,55541
58,Female,Master's,Chief Financial Officer,16,257017
60,Male,Bachelor's,Chief Financial Officer,23,245400
51,Female,Bachelor's,Chief Financial Officer,15,241249
37,Female,Master's,Intern,1,44448
52,Female,Bachelor's,Chief Executive Officer,27,268027
55,Male,Bachelor's,Chief Executive Officer,16,272454
28,Female,PhD,Intern,0,40762
53,Male,Master's,Security Engineer,9,169330
57,Female,PhD,IT Support Specialist,0,54499
57,Female,PhD,UX Designer,5,107423
56,Male,Master's,Chief Financial Officer,30,311997
60,Male,Bachelor's,Database Administrator,23,121307
40,Male,Master's,Database Administrator,8,113509
45,Female,PhD,Research Scientist,17,151081
54,Male,Master's,Vice President,21,266720
55,Female,PhD,Sales Manager,12,140420
37,Female,Master's,Data Analyst,4,84880
39,Female,Bachelor's,Data Analyst,7,71381
25,Female,Bachelor's,Software Engineer,3,85059
28,Female,High School,Accountant,5,52968
42,Female,Bachelor's,Data Scientist,13,113827
39,Male,Bachelor's,Electrical Engineer,7,98385
65,Female,High School,Chief Executive Officer,19,204861
48,Male,Master's,Operations Manager,21,155281
47,Male,Bachelor's,Chief Financial Officer,22,253406
48,Female,Master's,Junior Developer,4,69456
37,Male,Bachelor's,Marketing Manager,6,87665
61,Female,Bachelor's,Research Scientist,16,101705
26,Male,Bachelor's,Customer Support Specialist,2,37875
44,Male,Master's,Intern,0,39945
27,Female,Master's,Graphic Designer,2,51968
65,Female,Master's,Vice President,37,301204
55,Female,Bachelor's,Database Administrator,20,107641
44,Male,PhD,Product Manager,13,189025
28,Female,PhD,Customer Support Specialist,0,49307
50,Female,Master's,Financial Analyst,7,111860
51,Female,Bachelor's,Senior Software Engineer,26,187546
39,Male,Bachelor's,Product Manager,12,115067
51,Male,Master's,Operations Manager,26,150414
36,Male,Master's,Database Administrator,12,136906
52,Male,Bachelor's,Electrical Engineer,11,91801
42,Female,Master's,IT Support Specialist,4,58602
53,Female,Master's,Lawyer,20,196732
32,Male,PhD,Intern,0,47133
40,Female,PhD,Financial Analyst,2,97863
56,Female,High School,Software Engineer,13,100254
48,Female,Bachelor's,Director of Engineering,22,236915
30,Female,Bachelor's,IT Support Specialist,3,42342
50,Female,Bachelor's,Research Scientist,20,130468
38,Female,Master's,HR Manager,5,81048
42,Male,Bachelor's,Consultant,10,106796
61,Male,Master's,Security Engineer,16,165129
50,Male,Bachelor's,Architect,14,99121
23,Male,Bachelor's,Analyst,1,60633
51,Male,High School,Data Analyst,3,57765
39,Male,Master's,Financial Analyst,4,90155
53,Female,PhD,Electrical Engineer,8,132965
47,Female,Bachelor's,Software Engineer,7,102332
45,Female,Master's,Network Engineer,6,102259
52,Male,PhD,IT Support Specialist,2,74040
21,Female,High School,IT Support Specialist,1,38495
38,Male,Master's,Statistician,8,124375
48,Male,Bachelor's,Product Manager,5,127081
52,Male,Bachelor's,Security Engineer,15,138112
37,Male,Master's,Graphic Designer,3,62995
65,Male,Bachelor's,Senior Data Scientist,33,193320
57,Male,Master's,Machine Learning Engineer,15,190065
51,Female,PhD,Technical Writer,14,106966
62,Male,Master's,Security Engineer,32,211153
41,Male,Bachelor's,Product Manager,17,143750
29,Male,Bachelor's,Electrical Engineer,7,83303
37,Female,PhD,Junior Developer,0,63481
24,Female,Bachelor's,Analyst,1,57329
24,Male,Master's,Analyst,0,74524
30,Male,Bachelor's,Data Scientist,5,111528
54,Female,Master's,Cloud Architect,29,236378
38,Female,PhD,Biomedical Engineer,7,116817
37,Male,Bachelor's,Database Administrator,5,91834
35,Male,Bachelor's,Junior Developer,0,50401
30,Male,PhD,Intern,1,48415
24,Male,Master's,Analyst,0,55747
21,Female,Bachelor's,Associate,0,49578
38,Female,High School,Machine Learning Engineer,19,131293
48,Male,Master's,Database Administrator,13,141227
42,Male,PhD,Marketing Manager,11,122329
49,Female,Master's,Marketing Manager,9,102348
41,Male,Master's,Product Manager,6,133260
22,Female,Bachelor's,Customer Support Specialist,0,36637
53,Female,Bachelor's,Product Manager,26,121792
49,Female,Master's,Economist,23,139618
31,Female,Bachelor's,Intern,1,38115
32,Male,PhD,Junior Developer,2,75871
37,Female,Bachelor's,Business Analyst,3,71453
26,Male,Bachelor's,Graphic Designer,4,54482
41,Female,Master's,Teacher,2,64076
30,Female,PhD,Customer Support Specialist,0,60023
57,Female,High School,Data Scientist,6,91456
65,Male,High School,Healthcare Specialist,3,68120
25,Male,Master's,IT Support Specialist,0,50333
32,Male,Master's,Intern,1,37976
34,Male,Master's,Marketing Manager,9,102418
47,Female,PhD,Junior Developer,0,63510
47,Male,Master's,Accountant,8,86629
63,Male,Master's,Consultant,39,176116
56,Female,Bachelor's,Consultant,31,145803
23,Male,Master's,IT Support Specialist,0,53805
63,Male,Bachelor's,Lawyer,38,202178
29,Female,PhD,Customer Support Specialist,0,41689
45,Male,Master's,IT Support Specialist,4,52394
37,Male,PhD,Junior Developer,2,80009
32,Female,Master's,Data Scientist,6,135536
62,Male,Master's,Professor,19,133945
60,Male,Bachelor's,Operations Manager,26,134863
58,Female,Bachelor's,Senior Data Scientist,36,197075
22,Female,Bachelor's,Junior Developer,0,55537
62,Male,Bachelor's,Database Administrator,33,143294
25,Female,Master's,Junior Developer,1,65817
60,Male,Bachelor's,Consultant,28,154678
34,Male,Master's,Mechanical Engineer,7,111377
23,Female,High School,Data Analyst,2,54752
28,Male,Bachelor's,Intern,0,30406
54,Female,Bachelor's,Operations Manager,32,140381
24,Male,Bachelor's,Analyst,1,59821
55,Male,Bachelor's,Customer Support Specialist,0,39498
22,Male,High School,Healthcare Specialist,4,65574
24,Female,Bachelor's,Analyst,1,63965
58,Male,Master's,Operations Manager,13,132970
63,Male,Master's,Senior Data Scientist,27,269162
51,Female,Bachelor's,Civil Engineer,11,88411
48,Female,Bachelor's,Financial Analyst,9,92358
46,Male,Master's,Junior Developer,1,66479
51,Male,Bachelor's,Product Manager,19,144841
53,Female,Bachelor's,Cloud Architect,28,217411
51,Female,Bachelor's,Database Administrator,28,120402
65,Female,Bachelor's,Chief Financial Officer,27,202626
29,Female,Master's,Intern,1,41071
55,Male,Bachelor's,Marketing Manager,14,109441
47,Male,High School,Chief Technology Officer,27,223783
30,Female,Master's,Electrical Engineer,5,122823
57,Male,Master's,Senior Data Scientist,31,263062
35,Female,Master's,Software Engineer,11,120355
63,Female,Bachelor's,Chief Technology Officer,29,270320
57,Male,Master's,Senior Software Engineer,15,212035
51,Female,Bachelor's,Security Engineer,13,141224
28,Female,High School,Business Analyst,2,64362
25,Male,Master's,Analyst,0,72329
64,Female,PhD,Director of Engineering,20,273038
43,Male,Master's,Associate,1,64253
42,Female,Bachelor's,Associate,0,56629
25,Female,Master's,Analyst,0,66852
35,Female,PhD,Analyst,2,77721
29,Female,Master's,Software Engineer,5,105983
33,Female,Master's,Consultant,8,113815
22,Female,Bachelor's,Junior Developer,0,56491
49,Male,PhD,Civil Engineer,6,100714
43,Female,Master's,HR Manager,9,88412
43,Male,Bachelor's,Security Engineer,20,145260
23,Female,Bachelor's,Junior Developer,0,53951
21,Female,High School,Accountant,3,56406
55,Male,Bachelor's,Machine Learning Engineer,21,164440
57,Female,High School,Consultant,19,108650
39,Male,PhD,UX Designer,2,102924
56,Female,Bachelor's,Database Administrator,17,118413
34,Female,Master's,UX Designer,5,89680
59,Female,Master's,Product Manager,11,157434
37,Female,Bachelor's,Accountant,9,69791
57,Female,PhD,Machine Learning Engineer,20,206003
53,Male,Master's,Data Scientist,8,116143
45,Female,Master's,Vice President,19,278300
27,Male,Bachelor's,Project Manager,5,97148
57,Female,Bachelor's,Vice President,18,218778
52,Male,Master's,Consultant,28,171284
41,Male,PhD,Civil Engineer,5,114194
60,Female,High School,Senior Data Scientist,42,192553
64,Male,Bachelor's,Chief Technology Officer,22,239468
22,Female,High School,Junior Developer,3,51391
50,Male,Master's,Accountant,2,68275
35,Male,Bachelor's,Operations Manager,11,111022
62,Male,Master's,Machine Learning Engineer,19,179176
26,Male,Bachelor's,Graphic Designer,4,51007
33,Female,Master's,Business Analyst,4,87898
56,Male,Bachelor's,Vice President,33,276179
54,Female,Bachelor's,Database Administrator,9,111361
49,Female,Master's,Marketing Manager,13,133341
42,Female,Master's,Machine Learning Engineer,14,168714
44,Male,PhD,Mechanical Engineer,10,134493
41,Male,Master's,Chief Executive Officer,17,295031
23,Male,Bachelor's,Customer Support Specialist,1,36083
61,Male,High School,Vice President,41,234754
31,Female,Master's,Security Engineer,5,143111
28,Male,Bachelor's,UX Designer,3,81739
48,Female,Bachelor's,Chief Technology Officer,23,267533
31,Male,Bachelor's,Network Engineer,6,93176
64,Female,PhD,Database Administrator,35,173752
53,Male,Bachelor's,Machine Learning Engineer,30,152577
30,Female,Bachelor's,Database Administrator,5,89087
44,Male,Master's,Business Analyst,3,97870
46,Male,Master's,IT Support Specialist,1,51756
43,Female,Bachelor's,Lawyer,18,158497
43,Male,Master's,Mechanical Engineer,13,116573
40,Female,High School,Research Scientist,14,95198
57,Female,Master's,Director of Engineering,28,241346
27,Male,PhD,IT Support Specialist,0,63342
50,Male,Master's,Research Scientist,19,159510
49,Male,PhD,Network Engineer,7,137363
27,Male,Bachelor's,Business Analyst,3,75612
44,Male,Bachelor's,Sales Manager,9,115914
59,Male,PhD,Product Manager,30,206562
59,Female,PhD,UX Designer,3,101796
42,Female,PhD,Data Scientist,11,161435
37,Male,Bachelor's,Graphic Designer,2,45343
43,Male,Master's,Network Engineer,5,93430
30,Female,Bachelor's,Software Engineer,2,84921
49,Female,Bachelor's,Consultant,16,121446
65,Female,High School,Chief Executive Officer,18,227963
43,Female,Master's,Statistician,5,101379
37,Male,Bachelor's,Operations Manager,13,105455
57,Male,Bachelor's,Chief Financial Officer,25,268604
35,Male,PhD,HR Manager,6,107635
47,Male,Bachelor's,Operations Manager,16,107417
53,Male,Master's,Business Analyst,2,85866
28,Female,High School,Systems Administrator,9,71581
62,Male,Bachelor's,Research Scientist,22,122729
57,Male,Master's,Project Manager,7,122031
54,Male,Master's,Senior Software Engineer,29,243265
61,Male,PhD,Senior Data Scientist,18,276546
44,Male,Bachelor's,Security Engineer,7,129424
52,Male,PhD,Civil Engineer,13,115150
63,Male,Master's,Analyst,1,69694
35,Male,PhD,Civil Engineer,6,102688
50,Male,High School,Civil Engineer,10,75552
34,Female,Bachelor's,Software Engineer,12,101063
42,Male,Master's,Business Analyst,3,93461
32,Female,Master's,Marketing Manager,6,89665
39,Female,Master's,Teacher,3,51046
43,Male,Master's,Database Administrator,16,147035
58,Female,Bachelor's,Mechanical Engineer,6,81551
47,Male,PhD,Product Manager,5,175622
58,Male,Master's,Cloud Architect,30,250026
38,Female,PhD,Associate,3,72225
55,Female,Master's,Professor,22,137952
45,Male,Bachelor's,Customer Support Specialist,1,37079
47,Female,PhD,Product Manager,19,199489
27,Male,Master's,Financial Analyst,2,88210
46,Male,Master's,Machine Learning Engineer,17,144501
59,Female,Master's,Machine Learning Engineer,21,172095
39,Male,Master's,HR Manager,9,96236
39,Male,Bachelor's,Intern,0,32910
42,Female,Master's,Research Scientist,12,136058
41,Male,PhD,Data Scientist,11,150490
65,Male,Bachelor's,Consultant,41,152278
42,Male,Master's,IT Support Specialist,1,46033
65,Female,Master's,Database Administrator,8,118515
39,Male,Bachelor's,Architect,5,97127
30,Female,PhD,Junior Developer,0,74980
22,Male,Master's,Junior Developer,0,62379
63,Female,Master's,Software Engineer,6,108573
53,Female,Bachelor's,Economist,31,141439
60,Female,Bachelor's,Lawyer,30,175181
64,Male,Bachelor's,UX Designer,4,88369
46,Male,Master's,Project Manager,7,117578
34,Female,High School,Analyst,0,49961
44,Male,High School,Accountant,2,61997
35,Female,PhD,Security Engineer,6,153386
29,Female,Bachelor's,Accountant,7,74839
23,Female,High School,Teacher,4,47149
23,Female,Bachelor's,Junior Developer,0,54157
58,Female,PhD,Teacher,2,64750
56,Male,Bachelor's,Analyst,3,72429
49,Male,Master's,Associate,0,64760
31,Male,Bachelor's,Electrical Engineer,8,98872
34,Female,Bachelor's,UX Designer,3,71657
51,Male,High School,UX Designer,9,87853
56,Male,Master's,Financial Analyst,3,98291
52,Male,Bachelor's,Accountant,4,61876
46,Female,Bachelor's,Professor,22,121387
27,Male,Master's,Analyst,3,69873
41,Male,Bachelor's,Database Administrator,11,111704
46,Male,Master's,Professor,21,139865
23,Male,PhD,Associate,0,74428
52,Male,Bachelor's,Economist,21,143699
44,Female,Bachelor's,Mechanical Engineer,9,94000
44,Female,Bachelor's,Sales Manager,10,109979
58,Male,Bachelor's,Cloud Architect,17,201533
56,Male,Bachelor's,Intern,1,29406
53,Female,PhD,Chief Executive Officer,20,343032
53,Male,Master's,Senior Data Scientist,29,262598
21,Female,Bachelor's,Analyst,0,50428
40,Male,Master's,Intern,1,31468
49,Female,Master's,Lawyer,22,206336
65,Female,Master's,Machine Learning Engineer,16,153045
52,Male,Bachelor's,Cloud Architect,29,200920
50,Male,High School,Data Analyst,2,61546
52,Male,PhD,Technical Writer,10,99522
48,Male,Bachelor's,Chief Executive Officer,21,257242
50,Female,Bachelor's,Product Manager,6,115900
57,Male,Master's,Analyst,4,73650
27,Female,Bachelor's,Intern,1,38261
58,Male,Bachelor's,UX Designer,8,109547
34,Female,Master's,Analyst,0,70266
26,Male,High School,Accountant,8,64863
40,Female,Bachelor's,Product Manager,12,124733
32,Male,Bachelor's,Junior Developer,1,54215
56,Male,Bachelor's,Systems Administrator,6,81182
56,Female,PhD,Director of Engineering,15,268384
47,Female,PhD,Electrical Engineer,12,132094
44,Male,Master's,Graphic Designer,4,66999
47,Male,Bachelor's,Graphic Designer,4,58706
57,Male,PhD,Consultant,17,161937
33,Male,Bachelor's,Electrical Engineer,8,109580
34,Male,Bachelor's,Associate,2,59350
30,Male,Master's,Junior Developer,4,68819
51,Male,Bachelor's,Customer Support Specialist,0,37322
21,Female,Bachelor's,Customer Support Specialist,0,40404
35,Female,Master's,Junior Developer,1,68983
41,Male,Master's,UX Designer,7,119618
36,Male,Master's,Consultant,6,112493
56,Female,Master's,Network Engineer,9,122895
63,Male,Bachelor's,Chief Technology Officer,31,269438
29,Female,Master's,Associate,1,53707
48,Male,Bachelor's,Customer Support Specialist,1,41533
53,Male,Bachelor's,Mechanical Engineer,10,94384
65,Female,Master's,Product Manager,27,191385
50,Female,Master's,Financial Analyst,2,99023
23,Female,Bachelor's,Intern,0,36351
65,Female,Bachelor's,Database Administrator,8,86257
31,Male,PhD,Junior Developer,1,72727
50,Male,Master's,Associate,2,69626
27,Female,High School,Network Engineer,9,75750
28,Male,Bachelor's,Architect,5,94382
53,Male,Bachelor's,Vice President,29,292831
40,Female,Master's,Data Analyst,6,85627
47,Male,High School,Software Engineer,6,91717
22,Male,High School,Teacher,2,41442
33,Female,Bachelor's,Architect,5,88345
33,Female,Bachelor's,Electrical Engineer,7,98511
57,Female,High School,Database Administrator,8,88824
55,Female,Master's,Consultant,13,129075
46,Male,Master's,Chief Technology Officer,18,279099
25,Male,Bachelor's,Customer Support Specialist,0,35430
40,Female,Master's,Research Scientist,14,137860
36,Female,Bachelor's,HR Manager,7,81836
57,Male,High School,Cloud Architect,15,147438
31,Female,Bachelor's,Junior Developer,3,61683
27,Male,Bachelor's,UX Designer,5,88529
38,Female,PhD,Intern,0,42573
63,Male,Master's,Marketing Manager,6,107903
59,Female,Bachelor's,HR Manager,6,71048
22,Male,PhD,Analyst,0,77617
32,Female,Master's,Statistician,8,120264
26,Male,PhD,Intern,0,47183
49,Male,PhD,Database Administrator,13,129296
28,Female,Bachelor's,Systems Administrator,6,75547
50,Female,Master's,UX Designer,8,115787
32,Male,Bachelor's,Analyst,1,64139
46,Male,High School,Associate,2,49451
28,Male,Bachelor's,Architect,5,112806
65,Male,Master's,Database Administrator,25,163275
23,Female,High School,Intern,1,27363
43,Female,Bachelor's,Data Scientist,5,96563
40,Male,Bachelor's,Economist,12,101944
44,Female,Bachelor's,Senior Software Engineer,17,184627
29,Female,Master's,Financial Analyst,5,98731
38,Male,Bachelor's,Analyst,1,62656
40,Male,PhD,Accountant,3,89229
39,Female,Master's,Consultant,15,126587
22,Female,High School,Graphic Designer,4,39995
29,Male,Bachelor's,IT Support Specialist,1,46579
37,Female,PhD,Junior Developer,0,67468
31,Female,Bachelor's,Software Engineer,4,88466
35,Female,Bachelor's,UX Designer,7,105991
35,Female,Bachelor's,Junior Developer,4,61878
52,Male,Bachelor's,Architect,7,109296
34,Male,PhD,Associate,1,70480
52,Male,Master's,Project Manager,14,146760
49,Male,High School,Chief Financial Officer,24,240960
39,Female,Bachelor's,Economist,16,115454
24,Male,Bachelor's,Customer Support Specialist,0,42311
62,Female,High School,Machine Learning Engineer,17,136031
36,Male,Master's,Junior Developer,4,74541
36,Female,PhD,Customer Support Specialist,0,53543
30,Male,Master's,Intern,1,39753
54,Male,Master's,Operations Manager,12,127132
39,Female,PhD,Intern,1,47400
60,Male,Master's,Lawyer,11,183743
37,Female,Bachelor's,Systems Administrator,8,87113
53,Female,Master's,Security Engineer,27,182104
48,Male,Bachelor's,Operations Manager,10,112722
34,Female,Bachelor's,IT Support Specialist,1,40376
30,Male,PhD,IT Support Specialist,0,54268
43,Male,PhD,Biomedical Engineer,7,125581
43,Male,Master's,Operations Manager,17,132022
64,Male,Master's,Database Administrator,23,134109
32,Male,Bachelor's,Network Engineer,6,99117
43,Male,Master's,Electrical Engineer,10,122473
54,Female,Bachelor's,Senior Data Scientist,28,194769
40,Male,High School,Operations Manager,13,84982
64,Female,PhD,Machine Learning Engineer,27,216917
45,Male,PhD,Economist,10,158830
46,Male,High School,Consultant,20,104652
33,Male,Master's,Systems Administrator,5,97691
32,Female,Master's,Data Analyst,6,72651
51,Female,Bachelor's,Senior Software Engineer,14,174525
31,Male,Master's,Data Analyst,4,79233
35,Male,Master's,Project Manager,9,122611
31,Female,Bachelor's,Data Analyst,2,60940
52,Female,Master's,Product Manager,25,208882
49,Male,Bachelor's,Professor,16,122464
36,Male,Master's,Professor,11,126113
47,Male,Bachelor's,Analyst,1,64648
57,Male,High School,Junior Developer,1,41111
28,Male,Bachelor's,UX Designer,6,89332
40,Male,PhD,Associate,2,73026
33,Female,Bachelor's,Network Engineer,9,100258
34,Male,PhD,Intern,1,47573
31,Male,PhD,Analyst,1,71360
21,Female,Bachelor's,IT Support Specialist,0,44157
40,Male,PhD,Consultant,7,145099
27,Male,High School,Sales Manager,8,75161
36,Male,PhD,Intern,1,44858
36,Male,Bachelor's,Research Scientist,13,119070
60,Male,High School,Chief Technology Officer,32,200077
54,Male,Bachelor's,Cloud Architect,19,213155
43,Female,Master's,Product Manager,8,151742
50,Male,Master's,Lawyer,21,212949
29,Female,Bachelor's,IT Support Specialist,0,43720
47,Male,Master's,Product Manager,8,142178
44,Female,Bachelor's,Chief Technology Officer,21,252920
25,Female,Bachelor's,Junior Developer,2,57532
22,Male,Bachelor's,IT Support Specialist,0,46768
26,Female,Master's,IT Support Specialist,2,53208
32,Female,Master's,Software Engineer,7,125803
60,Female,Master's,Chief Technology Officer,26,334471
62,Male,Bachelor's,Consultant,31,127941
42,Female,Master's,IT Support Specialist,2,50798
29,Male,Bachelor's,Data Analyst,4,61605
43,Male,Bachelor's,Lawyer,19,172848
22,Female,High School,Junior Developer,0,49460
55,Male,PhD,Professor,26,170411
28,Female,Master's,Analyst,4,76074
34,Male,Master's,Software Engineer,8,101069
53,Male,Bachelor's,Electrical Engineer,6,104038
59,Female,Master's,Mechanical Engineer,10,142102
34,Male,PhD,Junior Developer,4,92964
47,Female,Master's,Associate,4,66564
41,Male,High School,Financial Analyst,4,68075
50,Male,PhD,Analyst,1,80149
32,Female,Master's,Network Engineer,7,101526
35,Female,High School,Database Administrator,9,87391
54,Female,High School,Economist,28,112864
55,Female,Master's,Operations Manager,17,130912
36,Male,Bachelor's,Customer Support Specialist,1,39449
22,Male,Master's,Analyst,0,78091
45,Male,Master's,Analyst,3,73934
32,Male,Bachelor's,Sales Manager,5,92594
63,Male,High School,Director of Engineering,41,234656
22,Female,High School,IT Support Specialist,0,38999
41,Female,Master's,Associate,1,64064
55,Male,Bachelor's,Professor,19,110742
57,Female,Master's,Chief Technology Officer,22,264929
23,Female,Bachelor's,Junior Developer,1,62347
56,Male,PhD,Research Scientist,10,151180
52,Female,Bachelor's,Chief Technology Officer,25,258747
47,Female,Master's,Database Administrator,11,126720
28,Female,Master's,UX Designer,3,107792
21,Female,Master's,Customer Support Specialist,0,45011
47,Female,Master's,Senior Software Engineer,21,224961
23,Female,High School,Data Analyst,4,56382
48,Female,Bachelor's,Business Analyst,4,72165
53,Male,Master's,Vice President,18,282403
28,Male,PhD,Analyst,0,84358
23,Male,High School,Financial Analyst,4,61912
58,Male,PhD,Junior Developer,3,82981
46,Male,PhD,Civil Engineer,5,115725
21,Male,Bachelor's,IT Support Specialist,0,44450
42,Female,Bachelor's,Healthcare Specialist,4,76525
44,Male,PhD,Accountant,4,93761
62,Male,Bachelor's,Lawyer,25,186161
64,Female,High School,Chief Executive Officer,45,308539
45,Female,Bachelor's,Civil Engineer,11,90772
39,Female,Master's,Junior Developer,1,69507
62,Male,High School,Machine Learning Engineer,35,166566
43,Male,High School,Mechanical Engineer,14,97660
46,Male,PhD,Lawyer,17,214664
65,Male,Bachelor's,Operations Manager,29,142921
44,Female,PhD,Project Manager,10,127633
41,Male,Bachelor's,Professor,18,118304
56,Female,Master's,Database Administrator,25,149677
58,Female,Master's,Security Engineer,24,182173
63,Male,Bachelor's,Senior Data Scientist,15,181309
28,Male,PhD,Customer Support Specialist,0,55088
52,Male,Master's,Operations Manager,19,156724
43,Male,PhD,Security Engineer,13,138099
53,Male,PhD,Data Scientist,9,159888
51,Female,Master's,DevOps Engineer,14,141703
50,Female,Master's,Cloud Architect,17,236184
24,Female,Bachelor's,Intern,1,33839
26,Male,Bachelor's,Software Engineer,4,95805
63,Male,PhD,Vice President,34,353501
51,Male,Master's,Vice President,27,289803
51,Female,Master's,Lawyer,20,218266
64,Male,PhD,Security Engineer,30,179088
34,Female,Bachelor's,Marketing Manager,11,104939
54,Female,Master's,Lawyer,10,175259
54,Male,PhD,Senior Software Engineer,24,238686
32,Male,Master's,IT Support Specialist,3,58095
60,Male,Master's,Data Analyst,7,82092
42,Female,Bachelor's,HR Manager,7,83448
63,Male,High School,Product Manager,29,150691
54,Female,PhD,DevOps Engineer,7,142641
52,Female,Bachelor's,Associate,0,49095
24,Male,Master's,Customer Support Specialist,0,47874
46,Male,Master's,Research Scientist,17,161953
65,Male,Master's,Chief Executive Officer,28,321154
50,Male,Master's,Consultant,5,124686
28,Male,Bachelor's,Junior Developer,1,62879
46,Male,Master's,Project Manager,13,115564
64,Male,Bachelor's,Customer Support Specialist,4,44889
65,Female,PhD,Product Manager,15,205240
41,Male,Master's,IT Support Specialist,1,53218
38,Male,Master's,UX Designer,6,101566
42,Female,Master's,Customer Support Specialist,0,44965
60,Male,Bachelor's,Chief Financial Officer,37,248373
47,Male,Bachelor's,UX Designer,2,83486
38,Female,Master's,Intern,0,36170
56,Male,Bachelor's,Chief Financial Officer,31,277872
45,Male,Master's,Senior Software Engineer,14,195828
57,Male,Master's,DevOps Engineer,9,149269
61,Male,Bachelor's,Chief Technology Officer,38,329210
28,Male,Bachelor's,Junior Developer,0,48704
53,Female,PhD,Mechanical Engineer,8,123362
27,Male,Bachelor's,Junior Developer,1,63656
64,Male,Master's,Senior Software Engineer,38,262710
58,Male,PhD,Cloud Architect,29,286467
51,Female,PhD,Marketing Manager,8,108197
46,Male,Master's,Customer Support Specialist,0,43489
39,Female,Bachelor's,Data Scientist,14,128809
33,Female,Bachelor's,Business Analyst,3,71826
50,Male,Master's,Professor,19,138563
44,Female,Bachelor's,UX Designer,2,80669
38,Female,Master's,Product Manager,10,142152
44,Female,Master's,Sales Manager,9,106340
65,Male,Bachelor's,Systems Administrator,7,79144
46,Male,Master's,Security Engineer,20,177191
29,Male,PhD,Analyst,1,81013
34,Female,Bachelor's,Financial Analyst,9,95304
60,Female,Bachelor's,Research Scientist,13,127644
32,Male,Bachelor's,Database Administrator,9,105686
44,Male,PhD,Product Manager,13,190342
54,Male,Bachelor's,Security Engineer,8,139783
34,Female,Master's,Customer Support Specialist,1,47297
58,Male,Bachelor's,Chief Executive Officer,22,274775
39,Male,PhD,Healthcare Specialist,4,109841
23,Male,High School,Software Engineer,4,72538
50,Female,PhD,Data Scientist,8,130556
37,Female,Bachelor's,Lawyer,14,148767
52,Female,Bachelor's,Lawyer,15,170496
50,Male,Bachelor's,Mechanical Engineer,10,97208
40,Female,Bachelor's,Network Engineer,9,105756
29,Male,PhD,Junior Developer,1,68746
52,Male,Master's,Associate,1,66420
31,Female,Bachelor's,Mechanical Engineer,6,92312
65,Male,Bachelor's,Senior Data Scientist,18,224852
43,Male,Master's,Statistician,6,102858
54,Male,High School,Chief Technology Officer,36,281502
30,Male,Bachelor's,Data Analyst,2,78471
64,Female,Master's,Sales Manager,14,124894
46,Male,Bachelor's,Project Manager,6,90853
36,Male,PhD,Financial Analyst,3,106183
54,Male,Master's,Product Manager,18,191872
65,Male,Master's,HR Manager,6,99850
28,Male,Bachelor's,HR Manager,6,85415
58,Female,Bachelor's,Product Manager,10,125493
54,Male,Master's,Software Engineer,14,126544
52,Female,PhD,Machine Learning Engineer,13,216448
62,Female,Master's,Product Manager,35,173718
47,Female,Bachelor's,Research Scientist,24,129528
39,Female,PhD,UX Designer,9,119300
50,Female,PhD,Statistician,9,123430
38,Female,PhD,Civil Engineer,9,101676
44,Male,Master's,Director of Engineering,15,238470
47,Female,Master's,Machine Learning Engineer,23,210747
23,Male,Bachelor's,Junior Developer,0,56168
29,Male,Bachelor's,Sales Manager,5,105168
44,Female,Bachelor's,Analyst,0,60570
26,Female,High School,Systems Administrator,6,66103
22,Male,Master's,Associate,0,63231
43,Male,Master's,Customer Support Specialist,1,44115
43,Male,High School,Consultant,16,93779
42,Male,Master's,Analyst,1,81876
22,Male,Master's,Junior Developer,0,65962
43,Male,Master's,Lawyer,17,216262
44,Male,Master's,Analyst,4,85259
55,Male,PhD,Architect,5,109421
26,Male,Master's,Customer Support Specialist,0,38111
23,Male,Bachelor's,Analyst,0,64020
39,Male,Bachelor's,Data Scientist,6,106348
39,Female,Master's,Professor,13,116696
47,Female,Master's,Marketing Manager,7,99495
28,Female,High School,Product Manager,6,94879
32,Male,PhD,Accountant,4,80809
36,Male,Master's,Research Scientist,10,127087
26,Female,Master's,Customer Support Specialist,0,46684
57,Male,Bachelor's,Research Scientist,30,153376
65,Male,Master's,Software Engineer,2,98190
49,Female,Master's,Healthcare Specialist,4,79457
63,Female,Master's,Chief Financial Officer,24,327509
59,Male,Bachelor's,Customer Support Specialist,0,39028
23,Female,High School,Intern,0,26187
47,Male,Bachelor's,Financial Analyst,7,84714
57,Female,Bachelor's,Product Manager,28,151296
33,Female,Bachelor's,Accountant,5,72712
36,Male,Master's,UX Designer,4,118503
27,Male,PhD,Customer Support Specialist,0,50987
46,Male,PhD,Research Scientist,14,170891
40,Male,Master's,Healthcare Specialist,3,69844
35,Male,PhD,HR Manager,5,100626
59,Male,High School,Database Administrator,37,128970
56,Male,Bachelor's,Chief Executive Officer,26,254878
25,Male,Bachelor's,Business Analyst,3,66486
24,Male,PhD,IT Support Specialist,0,63505
27,Female,Bachelor's,IT Support Specialist,4,46047
63,Male,Bachelor's,Marketing Manager,10,108659
30,Male,Bachelor's,Consultant,6,119270
26,Female,Bachelor's,Healthcare Specialist,3,71366
32,Male,Bachelor's,UX Designer,6,93037
42,Male,Master's,Teacher,3,60492
32,Female,Bachelor's,Statistician,10,102474
25,Female,PhD,Junior Developer,0,70387
59,Male,Bachelor's,Consultant,19,137383
24,Male,Bachelor's,Accountant,2,57296
64,Male,Bachelor's,Cloud Architect,30,205174
52,Female,Master's,Software Engineer,13,114441
45,Female,PhD,UX Designer,5,114765
57,Male,Master's,IT Support Specialist,1,51689
54,Male,Bachelor's,Analyst,2,69171
59,Male,Master's,Economist,15,125400
48,Male,PhD,Mechanical Engineer,8,127888
55,Male,PhD,Technical Writer,10,91498
48,Female,Bachelor's,Lawyer,18,168954
58,Female,Master's,Operations Manager,10,137171
53,Male,PhD,Senior Data Scientist,21,274940
48,Female,Master's,Economist,19,120669
60,Male,Bachelor's,Professor,23,131261
30,Male,Bachelor's,Accountant,5,73983
33,Male,PhD,Healthcare Specialist,4,92050
39,Female,Master's,Consultant,6,132071
46,Female,Master's,Architect,9,118760
26,Female,PhD,IT Support Specialist,0,54304
62,Female,Master's,Systems Administrator,5,86058
47,Male,PhD,Statistician,10,123551
28,Male,Bachelor's,Healthcare Specialist,3,73096
54,Female,High School,Research Scientist,13,92394
62,Female,High School,Accountant,3,47624
24,Male,High School,UX Designer,5,79826
65,Male,Bachelor's,Database Administrator,14,114539
49,Male,Master's,Chief Executive Officer,21,316440
40,Female,Master's,Product Manager,8,155803
65,Male,Bachelor's,Cloud Architect,41,222509
53,Female,PhD,Director of Engineering,19,283900
49,Female,High School,Research Scientist,10,92565
59,Male,Master's,Consultant,10,134077
48,Female,Master's,Professor,20,144907
44,Female,PhD,Statistician,6,121043
34,Male,Bachelor's,Customer Support Specialist,4,41644
29,Female,PhD,IT Support Specialist,1,58445
65,Female,High School,Senior Data Scientist,43,194627
56,Male,Master's,Systems Administrator,5,87881
24,Female,High School,UX Designer,3,59931
28,Male,Bachelor's,Data Analyst,2,65529
61,Female,Bachelor's,Operations Manager,32,122404
52,Male,Bachelor's,Civil Engineer,6,84118
51,Female,Master's,Product Manager,9,154252
53,Female,Master's,Accountant,4,77748
48,Male,PhD,Database Administrator,18,171387
22,Female,Bachelor's,Intern,0,35435
22,Female,Bachelor's,Analyst,0,52016
27,Female,Master's,Healthcare Specialist,2,73975
22,Male,Bachelor's,Associate,0,52746
23,Male,Bachelor's,Associate,1,51246
35,Female,Bachelor's,Junior Developer,2,53627
31,Female,Bachelor's,Accountant,4,56677
28,Female,Bachelor's,Data Analyst,3,64114
44,Female,Master's,Software Engineer,2,103249
62,Male,Master's,Machine Learning Engineer,27,193295
57,Male,Master's,Software Engineer,4,121848
39,Female,Master's,Operations Manager,15,129409
33,Female,Bachelor's,Junior Developer,1,57036
45,Male,Bachelor's,Data Scientist,13,120947
40,Male,Master's,Database Administrator,16,131043
45,Male,Master's,Business Analyst,4,87226
28,Male,Master's,Associate,0,60619
30,Male,Bachelor's,Junior Developer,1,60204
33,Male,Master's,Data Scientist,5,122011
31,Female,PhD,Analyst,2,84468
58,Male,Bachelor's,Project Manager,14,120986
30,Male,Master's,Analyst,1,75751
23,Female,Bachelor's,Analyst,0,57682
65,Male,Master's,Consultant,8,115876
61,Female,PhD,Senior Software Engineer,31,271627
40,Male,PhD,Civil Engineer,10,115558
26,Female,Master's,Healthcare Specialist,2,75670
30,Male,PhD,IT Support Specialist,2,58360
58,Female,Master's,Technical Writer,14,90963
35,Male,PhD,Healthcare Specialist,3,83270
43,Female,Master's,Senior Software Engineer,13,189146
51,Female,Bachelor's,Statistician,10,99409
64,Female,Bachelor's,Database Administrator,15,119533
59,Male,Master's,Director of Engineering,33,290861
65,Male,Master's,Director of Engineering,18,249027
55,Female,Master's,Chief Executive Officer,26,369318
35,Female,High School,Data Scientist,7,88076
23,Female,High School,Analyst,3,58284
26,Male,PhD,Analyst,0,86179
23,Male,Bachelor's,Analyst,1,67444
58,Female,Bachelor's,Lawyer,21,193306
56,Male,High School,Network Engineer,7,65847
41,Female,Master's,Customer Support Specialist,4,47655
38,Male,Master's,Marketing Manager,11,104717
35,Female,Master's,Security Engineer,11,155271
22,Male,Bachelor's,Customer Support Specialist,0,37940
47,Male,Master's,Senior Data Scientist,16,224410
25,Female,Bachelor's,Graphic Designer,2,48166
46,Male,PhD,Lawyer,16,208804
46,Male,Bachelor's,Software Engineer,4,100698
46,Male,Bachelor's,Healthcare Specialist,3,76120
52,Female,Bachelor's,Junior Developer,0,54604
41,Female,Master's,Product Manager,10,151306
57,Male,PhD,Chief Technology Officer,27,354879
40,Male,PhD,Project Manager,12,151485
32,Female,Master's,Analyst,0,57664
34,Male,Bachelor's,IT Support Specialist,4,53963
59,Male,Master's,Consultant,33,150914
47,Male,High School,Statistician,11,79102
41,Female,Master's,Cloud Architect,13,200710
34,Male,PhD,Associate,1,65048
54,Female,PhD,Junior Developer,0,69353
65,Female,Master's,Senior Data Scientist,17,231621
29,Female,Master's,Intern,0,32433
49,Male,Master's,Operations Manager,17,141935
27,Female,Master's,Associate,1,62518
54,Male,Bachelor's,Professor,22,119340
27,Male,Bachelor's,Intern,1,35446
50,Female,PhD,UX Designer,8,117271
55,Female,Master's,Electrical Engineer,14,123282
26,Male,PhD,Intern,0,38745
53,Male,Master's,Mechanical Engineer,9,121894
33,Male,High School,IT Support Specialist,0,38921
28,Female,High School,Analyst,0,48138
65,Male,PhD,Consultant,15,148796
55,Female,Bachelor's,Graphic Designer,4,53936
58,Male,Master's,Research Scientist,23,183559
30,Female,PhD,Associate,0,77348
65,Female,Master's,Lawyer,39,204199
37,Male,Bachelor's,IT Support Specialist,4,48244
33,Male,Bachelor's,UX Designer,6,86310
62,Male,Bachelor's,Consultant,39,146712
24,Female,Master's,IT Support Specialist,0,56784
38,Male,PhD,IT Support Specialist,3,69836
41,Male,Bachelor's,Research Scientist,19,120474
37,Male,Master's,Customer Support Specialist,0,44949
42,Male,Master's,Marketing Manager,12,117220
23,Female,Bachelor's,Customer Support Specialist,0,38292
48,Female,Bachelor's,Project Manager,10,117855
32,Male,Master's,Software Engineer,4,114886
42,Male,PhD,Mechanical Engineer,8,124262
35,Female,Master's,Product Manager,8,140250
26,Female,Master's,Healthcare Specialist,2,66588
61,Female,Bachelor's,Cloud Architect,26,179202
24,Female,Bachelor's,Customer Support Specialist,1,37482
35,Female,Bachelor's,Mechanical Engineer,12,84386
37,Female,Bachelor's,UX Designer,8,99333
24,Male,Bachelor's,Analyst,0,55771
57,Male,Bachelor's,Lawyer,32,206534
33,Male,Master's,Civil Engineer,7,107189
45,Male,PhD,Statistician,11,147107
36,Male,PhD,Network Engineer,5,106725
65,Female,Master's,Vice President,24,273362
56,Female,PhD,UX Designer,6,113156
58,Female,PhD,Data Analyst,5,83622
57,Female,PhD,Cloud Architect,21,272300
37,Female,Master's,Consultant,6,119176
60,Female,High School,Machine Learning Engineer,39,155529
62,Female,Bachelor's,Cloud Architect,20,219008
33,Male,Bachelor's,Network Engineer,9,76407
55,Female,High School,Cloud Architect,34,181237
38,Female,Master's,Financial Analyst,9,113798
21,Male,High School,Junior Developer,1,47820
51,Male,Master's,Economist,18,147528
49,Female,Master's,Customer Support Specialist,2,45622
21,Female,Bachelor's,Associate,0,52982
60,Female,Master's,Consultant,22,150760
62,Male,Master's,Database Administrator,17,128721
43,Female,Bachelor's,Architect,9,99139
26,Female,Bachelor's,Customer Support Specialist,1,42018
63,Female,Bachelor's,Civil Engineer,6,98680
52,Female,Master's,Vice President,19,290711
35,Female,Master's,Biomedical Engineer,7,119895
59,Female,Master's,Cloud Architect,32,219607
56,Male,Bachelor's,Research Scientist,33,139127
41,Male,PhD,Mechanical Engineer,9,138081
48,Female,Master's,Electrical Engineer,8,92708
23,Female,Bachelor's,Associate,1,55067
44,Male,Master's,Product Manager,10,160887
61,Female,Bachelor's,Chief Technology Officer,24,254737
54,Female,PhD,Lawyer,17,196423
23,Male,Bachelor's,IT Support Specialist,1,41742
44,Female,High School,UX Designer,7,90329
62,Male,Bachelor's,Chief Financial Officer,24,213764
53,Female,Bachelor's,Architect,8,104341
26,Female,Master's,Junior Developer,1,57579
39,Female,Master's,HR Manager,8,102822
56,Male,Bachelor's,Cloud Architect,29,202584
59,Female,PhD,Software Engineer,9,119677
35,Male,Master's,Statistician,9,118141
54,Male,PhD,Economist,20,160990
37,Female,PhD,Junior Developer,3,69521
37,Female,PhD,Financial Analyst,6,108899
52,Male,PhD,Director of Engineering,16,302860
40,Male,Bachelor's,Accountant,3,62610
52,Male,Bachelor's,Economist,15,108474
31,Female,PhD,Associate,2,83252
49,Male,Bachelor's,Architect,7,118816
56,Female,Bachelor's,Machine Learning Engineer,28,157238
57,Male,Bachelor's,Director of Engineering,18,241327
47,Female,Master's,Chief Executive Officer,20,267633
39,Female,PhD,Data Analyst,8,96898
57,Male,Bachelor's,Senior Software Engineer,13,181926
48,Female,PhD,Financial Analyst,7,103015
64,Female,Master's,Senior Software Engineer,27,243949
39,Male,Master's,Systems Administrator,6,100487
39,Female,PhD,Customer Support Specialist,4,58702
34,Female,Master's,Software Engineer,2,106492
45,Male,Bachelor's,DevOps Engineer,6,119773
52,Male,Master's,Consultant,24,167324
62,Female,PhD,Machine Learning Engineer,30,256081
59,Female,PhD,Consultant,17,146822
62,Female,Master's,Senior Software Engineer,29,252818
40,Female,Master's,DevOps Engineer,6,117469
26,Male,Bachelor's,Data Analyst,4,82371
51,Male,Master's,Marketing Manager,9,116117
51,Female,Bachelor's,Director of Engineering,26,259086
31,Female,Master's,Business Analyst,4,69574
57,Male,PhD,Data Scientist,14,146922
46,Female,Bachelor's,Accountant,3,67202
26,Female,Master's,IT Support Specialist,1,49352
34,Female,Bachelor's,Analyst,1,54301
47,Female,Master's,Lawyer,13,164006
44,Female,Master's,Technical Writer,13,80417
39,Male,Bachelor's,Biomedical Engineer,9,104667
44,Female,PhD,Statistician,14,132506
46,Male,Master's,IT Support Specialist,2,54489
54,Female,Master's,Consultant,23,154210
57,Female,Bachelor's,Database Administrator,25,110944
36,Male,Bachelor's,Marketing Manager,14,113732
54,Female,Bachelor's,Operations Manager,22,137830
24,Female,Bachelor's,Analyst,0,62157
37,Male,Master's,Analyst,0,69406
39,Male,Master's,IT Support Specialist,4,50847
42,Female,Bachelor's,Marketing Manager,7,80032
63,Male,PhD,Database Administrator,33,179348
50,Male,Bachelor's,Graphic Designer,3,47824
33,Male,Master's,Junior Developer,1,61989
50,Female,Master's,Mechanical Engineer,11,106789
59,Female,Bachelor's,Consultant,15,121893
38,Male,Bachelor's,IT Support Specialist,1,48640
59,Female,PhD,Data Scientist,9,160837
32,Female,Bachelor's,Data Scientist,9,109749
31,Female,Master's,Sales Manager,5,103518
46,Male,PhD,Research Scientist,15,153776
45,Male,Bachelor's,Architect,8,114725
37,Male,Master's,Professor,12,129229
63,Male,Bachelor's,Chief Executive Officer,21,283801
27,Female,High School,Consultant,9,88126
32,Female,PhD,IT Support Specialist,2,62112
34,Male,Bachelor's,Software Engineer,6,91814
35,Male,PhD,IT Support Specialist,0,58205
37,Male,Master's,Healthcare Specialist,2,82135
45,Male,Master's,Lawyer,19,187432
50,Male,Master's,Financial Analyst,5,110982
46,Male,Master's,Economist,18,136585
43,Male,Bachelor's,Research Scientist,14,130155
58,Male,Bachelor's,Professor,16,128127
21,Female,High School,Data Analyst,3,58575
52,Female,High School,Chief Technology Officer,32,206397
46,Male,Master's,Chief Executive Officer,22,300440
54,Male,Master's,Research Scientist,11,123432
21,Male,Master's,Customer Support Specialist,0,47739
57,Female,Master's,Vice President,26,229208
25,Female,PhD,Junior Developer,0,68571
21,Male,High School,Data Analyst,3,56303
42,Female,Bachelor's,Customer Support Specialist,1,33563
60,Male,Master's,Senior Software Engineer,10,217758
28,Male,Master's,Junior Developer,0,65170
44,Male,Master's,Consultant,9,115884
38,Male,Bachelor's,Chief Executive Officer,15,235933
33,Male,Bachelor's,Business Analyst,2,68821
52,Male,Bachelor's,Product Manager,7,123550
46,Female,Master's,Vice President,21,281297
28,Female,Bachelor's,Analyst,1,58406
45,Female,PhD,Cloud Architect,17,268724
64,Male,Master's,Professor,40,162488
58,Male,Master's,Chief Executive Officer,28,354023
27,Female,Bachelor's,Product Manager,5,115517
54,Female,Bachelor's,Consultant,16,127792
64,Female,Bachelor's,Director of Engineering,16,207837
45,Female,Bachelor's,Cloud Architect,15,192707
35,Male,Master's,Customer Support Specialist,0,50205
34,Female,High School,Business Analyst,3,60953
52,Male,High School,Research Scientist,27,125320
53,Female,Master's,Electrical Engineer,13,113548
63,Male,Bachelor's,Research Scientist,40,128208
56,Female,Bachelor's,DevOps Engineer,10,124958
40,Male,PhD,Graphic Designer,3,73486
61,Male,PhD,Consultant,9,146001
50,Male,PhD,Consultant,10,161730
48,Female,High School,Operations Manager,22,102566
42,Female,PhD,Associate,1,71097
56,Female,Master's,Intern,0,43346
49,Female,Master's,Electrical Engineer,9,117320
43,Female,PhD,Mechanical Engineer,12,126414
58,Male,Master's,Product Manager,13,151255
53,Female,Master's,Civil Engineer,8,99485
60,Male,PhD,Statistician,12,131619
35,Female,PhD,Graphic Designer,2,63590
57,Male,Bachelor's,Graphic Designer,2,55962
43,Male,Master's,Senior Software Engineer,15,212419
28,Female,PhD,Customer Support Specialist,0,47678
27,Male,Master's,Analyst,1,72195
36,Female,PhD,UX Designer,2,114127
62,Female,Bachelor's,Chief Financial Officer,35,273478
42,Female,Bachelor's,Consultant,5,93149
58,Female,Master's,Research Scientist,22,146380
64,Female,High School,Chief Executive Officer,32,235462
58,Male,PhD,Sales Manager,13,150218
52,Male,Bachelor's,Cloud Architect,20,181160
55,Male,Master's,Associate,0,56976
50,Female,PhD,Analyst,1,69106
21,Female,High School,Graphic Designer,2,42964
33,Male,Bachelor's,IT Support Specialist,0,46945
52,Male,PhD,Chief Executive Officer,16,311494
64,Male,Bachelor's,Director of Engineering,36,254485
38,Male,PhD,Data Analyst,4,101092
29,Male,Bachelor's,Data Scientist,5,99054
46,Male,PhD,Marketing Manager,5,102615
42,Female,PhD,IT Support Specialist,4,67397
52,Female,Master's,Chief Financial Officer,15,284159
36,Male,PhD,Consultant,5,136859
43,Female,Master's,Analyst,4,76158
29,Female,PhD,Customer Support Specialist,0,45083
61,Female,Bachelor's,Technical Writer,11,78964
48,Female,Bachelor's,Chief Financial Officer,19,247161
40,Female,PhD,UX Designer,8,113608
56,Male,High School,Customer Support Specialist,1,37119
52,Male,High School,Security Engineer,15,120583
46,Male,Master's,Database Administrator,21,136243
65,Male,Master's,Machine Learning Engineer,31,176675
29,Female,Bachelor's,Intern,1,32970
46,Female,Master's,Associate,3,73063
64,Male,PhD,Database Administrator,22,168660
31,Female,Bachelor's,Architect,6,101164
33,Female,Master's,Junior Developer,2,67126
24,Male,Bachelor's,Intern,0,37322
61,Female,Bachelor's,Operations Manager,25,122632
29,Female,Master's,Analyst,0,65176
37,Male,PhD,Electrical Engineer,6,136956
60,Female,Master's,Economist,30,146767
59,Female,PhD,Database Administrator,15,132432
40,Female,PhD,Mechanical Engineer,6,109864
26,Male,Master's,Customer Support Specialist,1,50084
59,Male,Master's,Network Engineer,6,111157
41,Male,Master's,HR Manager,7,101147
61,Male,Bachelor's,Lawyer,14,167293
58,Male,Master's,Lawyer,23,196460
63,Male,Master's,Professor,34,164793
61,Female,PhD,Database Administrator,7,132379
55,Female,Master's,Customer Support Specialist,1,41167
37,Male,Master's,Business Analyst,3,86500
34,Male,Bachelor's,Consultant,11,125882
34,Male,Bachelor's,Junior Developer,4,60709
26,Female,PhD,Intern,0,43857
22,Female,PhD,Customer Support Specialist,0,54682
60,Male,Master's,Healthcare Specialist,2,85987
48,Female,PhD,Senior Data Scientist,17,263701
33,Male,Master's,Product Manager,8,144518
61,Male,Bachelor's,Customer Support Specialist,2,35302
23,Female,Bachelor's,Customer Support Specialist,0,40976
60,Female,Master's,Analyst,1,77768
45,Male,Bachelor's,DevOps Engineer,8,125667
39,Female,High School,Architect,6,73639
29,Female,Master's,HR Manager,5,88284
28,Female,Bachelor's,Teacher,2,48070
46,Female,Master's,Biomedical Engineer,5,99612
32,Female,Bachelor's,Software Engineer,8,89019
25,Male,Bachelor's,Business Analyst,3,75252
65,Female,Master's,Senior Software Engineer,23,206559
45,Female,Bachelor's,Operations Manager,11,92811
40,Male,Master's,Accountant,5,88521
54,Female,Bachelor's,Consultant,23,116296
56,Male,Bachelor's,Chief Financial Officer,26,225703
26,Male,Bachelor's,Healthcare Specialist,4,76741
29,Female,High School,Teacher,2,45267
55,Male,PhD,Accountant,3,68878
40,Female,Master's,Biomedical Engineer,8,111805
41,Male,Bachelor's,Software Engineer,3,98635
49,Female,PhD,Electrical Engineer,6,99303
21,Male,Bachelor's,Analyst,0,51193
43,Female,PhD,DevOps Engineer,12,149335
47,Female,High School,Consultant,19,119136
42,Male,PhD,DevOps Engineer,6,161857
22,Female,Bachelor's,Intern,0,30084
27,Female,Master's,Analyst,0,58446
32,Male,Bachelor's,Graphic Designer,3,52548
27,Male,High School,Customer Support Specialist,3,36466
35,Female,Bachelor's,Systems Administrator,8,92883
61,Female,Bachelor's,Economist,36,148466
38,Female,Master's,Data Scientist,6,118182
54,Female,Bachelor's,Senior Software Engineer,25,197115
58,Female,Master's,Cloud Architect,33,264100
42,Female,PhD,Project Manager,8,138594
55,Male,Bachelor's,Director of Engineering,21,257289
44,Male,Master's,Data Analyst,5,75481
65,Female,PhD,Senior Data Scientist,15,265374
56,Female,High School,Research Scientist,19,106493
34,Male,Bachelor's,Electrical Engineer,7,103070
65,Female,Master's,Chief Financial Officer,22,299150
54,Female,PhD,Chief Technology Officer,20,290165
37,Male,Master's,Professor,13,119186
54,Male,Master's,Sales Manager,7,95248
48,Male,Master's,Machine Learning Engineer,15,144357
57,Male,Bachelor's,Machine Learning Engineer,31,191566
48,Female,PhD,Software Engineer,9,121621
24,Female,Bachelor's,Customer Support Specialist,2,35295
62,Male,Master's,Architect,10,125334
57,Female,PhD,Data Analyst,5,93731
59,Male,PhD,Systems Administrator,8,120243
59,Female,Bachelor's,Consultant,35,144658
64,Female,Bachelor's,Analyst,0,69986
49,Male,Master's,Chief Financial Officer,18,296305
33,Male,PhD,IT Support Specialist,0,60682
52,Female,Bachelor's,Director of Engineering,20,237750
46,Female,PhD,Lawyer,15,226518
45,Male,PhD,Network Engineer,8,149798
41,Male,PhD,Intern,0,45565
26,Female,Master's,Customer Support Specialist,1,48993
48,Female,Master's,Lawyer,22,210799
22,Male,Master's,Intern,0,36569
58,Female,Master's,Senior Software Engineer,28,233505
44,Male,Master's,Software Engineer,12,127268
42,Male,PhD,IT Support Specialist,1,65578
32,Female,Master's,Consultant,7,115877
55,Male,PhD,Network Engineer,6,114338
40,Female,Bachelor's,Professor,17,113147
21,Male,Bachelor's,Junior Developer,0,52679
53,Male,Master's,Professor,13,125485
55,Female,Bachelor's,Product Manager,5,107155
60,Female,Master's,Vice President,18,277970
64,Male,PhD,Database Administrator,28,199800
26,Female,Master's,UX Designer,2,72882
24,Male,Bachelor's,Junior Developer,1,46633
41,Female,Master's,Operations Manager,12,146713
60,Male,Bachelor's,Senior Software Engineer,30,188898
37,Female,PhD,Biomedical Engineer,6,103415
33,Female,Bachelor's,Architect,8,109370
35,Female,PhD,Mechanical Engineer,5,108886
63,Female,High School,Cloud Architect,15,172415
44,Male,Master's,Architect,11,120669
27,Female,Bachelor's,Associate,0,54945
24,Female,High School,Software Engineer,3,81021
51,Female,Master's,Chief Executive Officer,20,311679
37,Female,Master's,Project Manager,11,125385
61,Male,PhD,Associate,3,74578
57,Male,PhD,Lawyer,18,237546
35,Male,PhD,Healthcare Specialist,4,82376
51,Male,Master's,Consultant,18,133881
49,Female,Master's,Product Manager,24,146699
65,Male,Master's,Customer Support Specialist,3,46652
32,Female,Master's,Analyst,2,66366
49,Female,PhD,Teacher,2,70118
51,Male,PhD,Healthcare Specialist,4,83150
55,Male,Bachelor's,Consultant,9,112930
44,Male,High School,Junior Developer,3,60105
57,Male,PhD,Consultant,18,172295
24,Female,Bachelor's,Analyst,1,68074
22,Male,Bachelor's,Junior Developer,0,52918
22,Male,High School,Business Analyst,4,66157
42,Male,PhD,Accountant,9,96210
54,Female,PhD,Consultant,18,147714
43,Female,Master's,Economist,10,127391
65,Female,PhD,Data Analyst,8,102013
64,Female,High School,Sales Manager,7,80406
28,Female,High School,Senior Software Engineer,10,144958
50,Female,Master's,Product Manager,6,138536
59,Female,Bachelor's,Machine Learning Engineer,18,163952
50,Female,High School,Professor,23,105948
49,Male,Bachelor's,Database Administrator,17,126375
51,Male,Master's,Customer Support Specialist,0,51923
31,Female,Bachelor's,Financial Analyst,6,90061
51,Female,PhD,Consultant,19,162267
60,Male,Master's,Machine Learning Engineer,33,238177
64,Female,Master's,Vice President,25,279916
55,Male,Bachelor's,Product Manager,23,125860
50,Male,Bachelor's,Software Engineer,10,111046
65,Female,High School,Research Scientist,23,113762
52,Female,Bachelor's,Chief Technology Officer,27,274022
22,Male,High School,Healthcare Specialist,3,60816
27,Female,Bachelor's,Customer Support Specialist,2,38441
41,Male,Bachelor's,Security Engineer,18,154369
24,Male,High School,Junior Developer,3,51338
33,Male,Bachelor's,Associate,2,57583
28,Female,Master's,Financial Analyst,2,86849
46,Male,PhD,Junior Developer,0,77680
43,Male,Master's,Cloud Architect,11,190151
53,Male,PhD,Director of Engineering,19,279268
32,Female,High School,Product Manager,12,114182
61,Female,Master's,Senior Software Engineer,22,232564
65,Female,PhD,Chief Financial Officer,18,292831
23,Male,Bachelor's,Associate,1,54185
48,Male,Bachelor's,Associate,1,54292
30,Female,Master's,Financial Analyst,4,103369
60,Female,Bachelor's,Mechanical Engineer,9,106008
28,Female,Bachelor's,IT Support Specialist,0,45873
33,Male,Bachelor's,UX Designer,4,87869
57,Male,Bachelor's,Product Manager,18,167007
32,Female,Master's,Marketing Manager,8,101729
58,Male,PhD,Consultant,20,159054
46,Female,Bachelor's,Intern,1,33879
54,Female,Bachelor's,Technical Writer,14,70301
32,Female,PhD,Customer Support Specialist,3,60136
58,Male,Master's,Operations Manager,26,140939
26,Female,PhD,Junior Developer,0,63750
46,Female,Bachelor's,Network Engineer,5,79026
31,Female,Bachelor's,Financial Analyst,5,82423
55,Male,PhD,Sales Manager,8,116848
27,Male,Bachelor's,Junior Developer,0,44928
49,Male,Master's,Teacher,3,64080
39,Male,Master's,Security Engineer,9,156026
31,Female,Master's,Junior Developer,2,57159
65,Female,Master's,Research Scientist,41,186561
24,Male,Bachelor's,Intern,0,32951
36,Female,Master's,Financial Analyst,3,85323
58,Female,Master's,IT Support Specialist,1,57486
24,Female,Master's,IT Support Specialist,0,53778
42,Male,Master's,Electrical Engineer,14,137121
41,Male,Master's,Software Engineer,7,124509
51,Female,High School,Statistician,6,86656
36,Female,Bachelor's,Junior Developer,0,48745
48,Female,Master's,Consultant,24,152397
46,Female,PhD,Software Engineer,5,111910
55,Female,Master's,Chief Technology Officer,27,271961
28,Male,Bachelor's,Analyst,1,59843
65,Female,Master's,Product Manager,20,175462
53,Female,PhD,Electrical Engineer,12,141647
41,Male,Master's,Operations Manager,13,145877
39,Female,Master's,Machine Learning Engineer,13,164358
45,Male,Bachelor's,Biomedical Engineer,6,78706
33,Male,Bachelor's,Business Analyst,2,76914
58,Male,Bachelor's,Director of Engineering,31,269298
47,Male,Bachelor's,Lawyer,25,171768
41,Male,PhD,Junior Developer,3,76462
52,Male,Master's,Software Engineer,3,119348
46,Female,Master's,Financial Analyst,5,97441
60,Female,Bachelor's,Economist,37,129658
27,Female,High School,Analyst,3,46899
45,Female,PhD,Machine Learning Engineer,17,208696
36,Female,Bachelor's,Business Analyst,2,66142
42,Male,Master's,Project Manager,11,138817
32,Female,Bachelor's,Systems Administrator,8,77118
22,Female,Bachelor's,Junior Developer,0,53478
29,Male,High School,Intern,0,31330
38,Male,Master's,Business Analyst,4,93260
32,Female,Bachelor's,Accountant,6,66066
30,Male,Master's,IT Support Specialist,4,55080
21,Male,Bachelor's,Analyst,0,59833
24,Female,Bachelor's,Intern,0,36131
35,Male,PhD,IT Support Specialist,0,51105
34,Female,Master's,Software Engineer,2,101444
33,Female,High School,Software Engineer,10,98314
38,Female,High School,Associate,0,40819
25,Female,Bachelor's,Teacher,2,41881
25,Female,Master's,IT Support Specialist,1,54776
24,Female,Bachelor's,Associate,1,53689
27,Female,Master's,Intern,1,41627
28,Male,Bachelor's,Graphic Designer,4,52063
65,Female,PhD,Vice President,26,314971
53,Male,Master's,Consultant,8,114087
57,Male,PhD,Lawyer,22,246487
62,Female,PhD,Data Scientist,6,130264
46,Female,PhD,Chief Executive Officer,18,350010
33,Male,Bachelor's,Research Scientist,11,121427
26,Female,Bachelor's,Analyst,4,65289
62,Male,Master's,Economist,32,170368
52,Male,PhD,Junior Developer,1,66829
32,Female,PhD,UX Designer,4,115308
28,Male,Bachelor's,Teacher,3,57294
37,Male,Bachelor's,Teacher,2,48119
51,Female,Bachelor's,Project Manager,8,95672
32,Male,Bachelor's,Customer Support Specialist,2,43768
39,Female,PhD,Architect,10,119891
56,Female,Bachelor's,Consultant,19,115216
43,Male,PhD,Electrical Engineer,9,135879
38,Female,Master's,Security Engineer,12,132375
56,Female,Bachelor's,Chief Technology Officer,33,260311
47,Male,Master's,Database Administrator,12,134024
52,Male,Bachelor's,Senior Software Engineer,22,187946
55,Male,PhD,HR Manager,5,85108
22,Female,Bachelor's,Customer Support Specialist,0,38050
39,Male,Master's,Analyst,3,77524
50,Male,Master's,Business Analyst,2,82973
33,Female,High School,IT Support Specialist,2,35746
58,Female,Master's,Economist,28,165887
53,Female,Master's,Junior Developer,0,61099
41,Female,PhD,Technical Writer,11,89311
38,Male,Master's,Security Engineer,13,149047
23,Female,Master's,IT Support Specialist,0,46581
37,Male,Bachelor's,Junior Developer,3,62377
35,Female,Master's,Sales Manager,11,113949
55,Female,Bachelor's,Economist,25,136238
56,Male,Master's,Sales Manager,5,99007
26,Female,Bachelor's,Customer Support Specialist,0,42607
36,Male,PhD,Business Analyst,4,100096
44,Female,Master's,DevOps Engineer,14,161217
50,Female,Bachelor's,Cloud Architect,28,227305
21,Female,Bachelor's,Associate,0,47343
36,Male,Master's,Analyst,0,73161
43,Female,Bachelor's,Sales Manager,12,102973
45,Female,Master's,Software Engineer,3,111199
64,Female,Bachelor's,Chief Technology Officer,39,256790
38,Female,PhD,Consultant,5,125796
58,Female,Bachelor's,HR Manager,6,81204
46,Female,PhD,Systems Administrator,9,133111
28,Male,Master's,Analyst,0,66961
48,Female,Master's,Senior Software Engineer,10,195095
26,Female,Bachelor's,Financial Analyst,4,85211
34,Female,Master's,Customer Support Specialist,2,47080
55,Male,Master's,Statistician,6,119672
32,Female,Bachelor's,HR Manager,6,69944
34,Female,Bachelor's,Business Analyst,2,61517
46,Male,Master's,Network Engineer,8,120590
51,Female,Bachelor's,Chief Financial Officer,16,198498
43,Female,Master's,Network Engineer,6,111371
48,Female,Master's,Statistician,13,129921
37,Female,Master's,Intern,0,39681
24,Female,Master's,Associate,0,65370
23,Female,PhD,Analyst,0,68188
25,Female,High School,Analyst,0,48613
29,Male,Bachelor's,Product Manager,7,142644
36,Female,PhD,Data Scientist,8,146007
61,Male,PhD,Analyst,4,94637
47,Female,PhD,Business Analyst,4,77617
64,Female,High School,Customer Support Specialist,2,27259
61,Male,PhD,IT Support Specialist,0,61666
40,Male,PhD,Financial Analyst,4,123750
63,Male,Master's,Database Administrator,35,178831
43,Female,Bachelor's,Senior Data Scientist,19,206504
48,Female,Master's,Technical Writer,12,97198
32,Male,PhD,Intern,1,47586
62,Male,Bachelor's,Research Scientist,40,138651
26,Female,Bachelor's,IT Support Specialist,1,46788
33,Male,High School,Consultant,15,102823
55,Male,High School,Cloud Architect,35,210096
25,Male,Bachelor's,Customer Support Specialist,3,44344
58,Female,PhD,DevOps Engineer,11,167564
56,Male,Master's,Chief Technology Officer,22,355130
62,Male,Bachelor's,Consultant,36,160962
48,Male,Master's,Financial Analyst,9,103205
26,Male,Master's,Customer Support Specialist,0,42891
55,Male,PhD,Senior Data Scientist,26,320834
35,Male,High School,Machine Learning Engineer,17,133617
55,Male,PhD,Product Manager,20,220966
36,Male,PhD,Sales Manager,5,109739
23,Female,Bachelor's,Intern,0,30518
30,Male,Master's,Accountant,6,92294
31,Female,PhD,Financial Analyst,2,90871
41,Male,PhD,Data Analyst,5,102813
45,Male,Bachelor's,Project Manager,9,106804
38,Female,Master's,Professor,10,102434
21,Male,Bachelor's,Customer Support Specialist,0,41281
36,Female,PhD,Associate,1,77430
53,Female,Master's,Graphic Designer,3,56512
54,Female,Bachelor's,Statistician,12,84886
22,Female,Master's,Associate,0,63348
24,Male,Master's,Associate,0,60278
30,Male,Master's,Associate,1,63303
31,Female,Master's,Financial Analyst,4,98408
35,Male,PhD,Sales Manager,6,121087
49,Female,PhD,Research Scientist,19,158341
61,Female,Bachelor's,Machine Learning Engineer,38,171930
22,Female,Master's,Junior Developer,0,53468
39,Male,Master's,DevOps Engineer,12,143526
29,Male,Bachelor's,Junior Developer,0,57483
21,Female,Bachelor's,Junior Developer,0,56539
64,Female,Master's,DevOps Engineer,7,137351
61,Female,PhD,UX Designer,9,119658
34,Female,Master's,Business Analyst,2,89962
29,Male,Bachelor's,Electrical Engineer,5,87902
42,Male,Master's,Research Scientist,15,163837
51,Male,Bachelor's,UX Designer,3,83263
44,Male,Bachelor's,Data Analyst,7,78582
33,Female,Bachelor's,Product Manager,11,125480
58,Male,Master's,Machine Learning Engineer,30,222752
55,Female,PhD,Electrical Engineer,12,139345
38,Female,Master's,Architect,5,116707
51,Male,Bachelor's,Electrical Engineer,14,115875
32,Female,Bachelor's,Biomedical Engineer,8,103154
34,Male,Master's,Financial Analyst,3,94961
40,Female,Master's,Analyst,2,70863
55,Female,Bachelor's,Consultant,30,142230
30,Female,PhD,Analyst,0,79693
34,Male,Master's,Analyst,1,70133
34,Male,Master's,Graphic Designer,4,55989
57,Male,High School,Product Manager,24,137675
62,Female,Master's,Cloud Architect,15,194632
29,Male,High School,Security Engineer,9,111808
37,Male,Bachelor's,HR Manager,7,82597
31,Female,Master's,Junior Developer,2,59428
63,Male,Master's,Lawyer,33,223441
37,Male,PhD,Sales Manager,8,141186
27,Male,Master's,Teacher,2,54871
54,Male,Bachelor's,IT Support Specialist,0,47829
21,Male,High School,Junior Developer,2,53931
51,Male,Master's,Chief Financial Officer,19,262808
22,Male,Master's,IT Support Specialist,0,54461
54,Male,Master's,Chief Financial Officer,30,246400
57,Female,Bachelor's,Economist,14,111293
39,Male,Master's,Sales Manager,14,116804
64,Male,Master's,Professor,23,135769
58,Male,Master's,Database Administrator,16,140959
47,Male,Bachelor's,Sales Manager,12,119649
51,Male,Bachelor's,Product Manager,9,137720
64,Male,Bachelor's,Chief Executive Officer,36,258667
60,Male,Master's,Operations Manager,32,163629
47,Female,Bachelor's,Vice President,20,216957
63,Female,High School,Chief Financial Officer,19,211013
31,Male,Master's,Intern,1,36227
62,Male,PhD,Operations Manager,31,181492
58,Male,Master's,Sales Manager,11,132936
34,Female,High School,Analyst,0,42549
28,Male,Master's,IT Support Specialist,1,56284
29,Female,Bachelor's,Product Manager,7,113696
51,Male,Bachelor's,Research Scientist,10,129694
52,Female,PhD,Research Scientist,23,179795
49,Male,High School,Research Scientist,18,112375
37,Male,PhD,Statistician,8,125206
21,Male,Bachelor's,Intern,0,36283
37,Female,Master's,Intern,0,39221
49,Male,Bachelor's,Data Scientist,10,120165
45,Male,Bachelor's,HR Manager,9,81629
37,Female,Master's,Business Analyst,3,86011
36,Female,Bachelor's,Healthcare Specialist,2,54468
34,Female,Master's,Associate,4,74382
35,Male,Bachelor's,IT Support Specialist,0,41954
31,Female,Bachelor's,Analyst,4,65285
22,Female,Bachelor's,IT Support Specialist,0,43915
38,Male,Master's,Systems Administrator,7,84068
65,Male,High School,Senior Software Engineer,14,149985
34,Female,Master's,Intern,0,41722
26,Male,Bachelor's,Analyst,1,66938
62,Female,Master's,DevOps Engineer,11,124561
24,Male,PhD,Customer Support Specialist,0,46673
56,Female,Bachelor's,Product Manager,8,116991
59,Female,Master's,Analyst,1,73074
61,Female,Bachelor's,Director of Engineering,23,212575
30,Female,Bachelor's,Junior Developer,2,52392
26,Male,Bachelor's,UX Designer,2,88571
31,Male,Bachelor's,UX Designer,5,89118
34,Male,Bachelor's,Electrical Engineer,10,108034
50,Male,Master's,Junior Developer,4,63131
51,Male,Master's,Electrical Engineer,13,142155
39,Female,Master's,Customer Support Specialist,0,48137
52,Male,High School,Architect,14,96339
31,Female,Bachelor's,Associate,0,56505
62,Female,Bachelor's,Operations Manager,37,138680
56,Male,Bachelor's,Economist,28,118393
61,Female,Bachelor's,Director of Engineering,38,260628
31,Male,Master's,Business Analyst,2,86601
22,Male,Bachelor's,Intern,0,35668
29,Female,Bachelor's,IT Support Specialist,0,37666
29,Female,PhD,Junior Developer,0,69460
30,Male,Master's,Civil Engineer,5,100615
57,Female,PhD,Senior Data Scientist,23,283046
44,Female,Master's,Database Administrator,17,136393
50,Male,PhD,Mechanical Engineer,6,109244
30,Male,Bachelor's,Network Engineer,6,82879
61,Female,Master's,Technical Writer,14,94158
36,Female,Master's,Project Manager,6,114580
38,Male,Bachelor's,Analyst,0,52057
36,Male,Master's,Mechanical Engineer,11,107846
24,Female,Master's,Intern,0,37028
48,Male,PhD,Senior Software Engineer,11,229877
28,Male,Master's,UX Designer,3,89061
59,Female,PhD,Chief Executive Officer,29,413237
62,Male,Bachelor's,Intern,1,35279
22,Male,Bachelor's,Customer Support Specialist,0,41568
65,Male,PhD,Machine Learning Engineer,17,206410
65,Male,High School,Customer Support Specialist,3,33334
62,Male,PhD,Data Scientist,9,147235
57,Male,Master's,IT Support Specialist,4,51416
40,Male,Bachelor's,Software Engineer,5,95157
65,Female,Bachelor's,Cloud Architect,21,202767
55,Female,Bachelor's,Database Administrator,20,130209
64,Female,Bachelor's,Director of Engineering,27,221267
30,Female,Bachelor's,Junior Developer,2,56062
59,Female,PhD,Associate,0,68328
27,Female,Bachelor's,Project Manager,5,85395
61,Male,High School,Chief Technology Officer,16,192986
57,Male,High School,Machine Learning Engineer,38,164848
35,Male,Master's,UX Designer,5,101018
23,Male,Bachelor's,Customer Support Specialist,0,37549
50,Male,Bachelor's,Senior Data Scientist,24,210276
52,Female,PhD,Associate,2,71361
65,Male,Bachelor's,Chief Financial Officer,43,297467
45,Male,PhD,Technical Writer,11,110586
59,Male,High School,Senior Data Scientist,21,168365
42,Female,Bachelor's,Data Scientist,7,118281
56,Female,High School,Senior Software Engineer,27,159624
34,Male,Bachelor's,Analyst,4,61677
55,Male,High School,Cloud Architect,28,174658
22,Male,Bachelor's,IT Support Specialist,0,42473
47,Male,Master's,Financial Analyst,6,97491
44,Female,PhD,Senior Software Engineer,15,219802
50,Male,Bachelor's,Marketing Manager,13,104651
43,Male,Master's,Project Manager,7,115573
54,Female,Master's,Senior Software Engineer,20,222917
44,Female,High School,Cloud Architect,16,145929
56,Female,Master's,Director of Engineering,29,265294
28,Female,Master's,Analyst,0,61728
45,Female,PhD,Consultant,9,144763
36,Female,Master's,UX Designer,8,99499
51,Male,High School,Senior Data Scientist,27,195704
23,Female,High School,Analyst,3,50432
48,Male,PhD,Systems Administrator,5,99652
44,Male,Master's,Director of Engineering,17,267862
48,Female,Master's,Product Manager,17,153592
56,Male,Bachelor's,Security Engineer,21,144425
44,Female,Master's,Network Engineer,8,104393
45,Male,Master's,Security Engineer,10,137362
44,Female,Bachelor's,Financial Analyst,7,95562
58,Male,Master's,Research Scientist,27,148582
25,Male,Master's,Associate,0,55148
37,Male,Master's,UX Designer,6,112882
45,Male,Bachelor's,Statistician,7,89210
27,Male,Bachelor's,Junior Developer,1,53190
56,Male,Master's,Vice President,30,266177
57,Female,Master's,Architect,5,110776
43,Male,Bachelor's,Marketing Manager,13,108084
37,Female,High School,Analyst,1,55503
39,Male,Master's,Financial Analyst,5,98099
32,Male,PhD,Healthcare Specialist,4,100291
24,Male,PhD,Associate,0,67745
31,Male,High School,Database Administrator,13,97360
43,Male,PhD,Operations Manager,15,151603
36,Male,Master's,Intern,0,38375
27,Male,Bachelor's,Healthcare Specialist,4,78392
57,Female,Bachelor's,Cloud Architect,17,167886
53,Male,Bachelor's,Sales Manager,14,119956
38,Male,High School,IT Support Specialist,1,38595
61,Female,High School,Accountant,6,53055
38,Male,Bachelor's,IT Support Specialist,3,51055
63,Male,Master's,Director of Engineering,35,285332
55,Female,Bachelor's,Research Scientist,27,139443
56,Male,Master's,Vice President,32,343304
46,Male,Bachelor's,Graphic Designer,2,56079
53,Female,Master's,Vice President,29,284553
33,Male,PhD,Junior Developer,0,77018
51,Male,High School,Junior Developer,4,51519
46,Female,PhD,Civil Engineer,14,131329
45,Male,Bachelor's,Database Administrator,12,122108
32,Male,High School,Consultant,5,86613
57,Female,PhD,Lawyer,20,237349
53,Female,PhD,Product Manager,19,198555
47,Male,Master's,Chief Financial Officer,20,247827
56,Female,Bachelor's,Network Engineer,7,85279
65,Female,Master's,Cloud Architect,24,227283
53,Female,Master's,Senior Data Scientist,23,243505
43,Male,PhD,Software Engineer,7,134440
27,Female,Bachelor's,Customer Support Specialist,0,37452
25,Female,PhD,Intern,0,39037
28,Female,Master's,Analyst,3,67011
57,Male,PhD,Product Manager,27,208214
45,Male,PhD,Vice President,15,285767
33,Male,PhD,Analyst,1,83436
37,Male,PhD,Consultant,9,159865
48,Male,Bachelor's,Marketing Manager,10,96510
44,Female,PhD,Machine Learning Engineer,16,172657
52,Male,PhD,Vice President,24,336384
56,Female,Master's,Chief Financial Officer,31,293399
54,Female,PhD,Research Scientist,22,153398
55,Male,Bachelor's,Statistician,13,102304
63,Male,Bachelor's,Database Administrator,17,126307
32,Male,High School,UX Designer,5,85417
23,Female,High School,UX Designer,5,75631
50,Male,Master's,IT Support Specialist,2,56592
42,Male,Master's,IT Support Specialist,1,54634
21,Female,PhD,Analyst,0,83536
46,Male,Master's,Software Engineer,12,138853
46,Female,Master's,Professor,11,110483
39,Male,Bachelor's,Chief Financial Officer,16,245496
44,Female,Master's,Associate,4,64727
29,Female,Bachelor's,Mechanical Engineer,6,84575
45,Female,Master's,Marketing Manager,14,123770
45,Male,High School,IT Support Specialist,0,39150
43,Male,High School,Cloud Architect,11,161568
41,Female,High School,HR Manager,6,65386
37,Female,Master's,Database Administrator,8,105231
24,Female,Bachelor's,Junior Developer,2,51523
64,Male,PhD,Chief Technology Officer,23,328535
33,Female,Master's,IT Support Specialist,2,51127
44,Male,Bachelor's,Vice President,15,214719
40,Female,Master's,Research Scientist,10,134885
62,Female,Master's,Chief Financial Officer,34,293673
25,Male,Bachelor's,IT Support Specialist,0,45295
56,Male,High School,Lawyer,31,175606
47,Male,PhD,Junior Developer,1,71530
44,Male,Bachelor's,Lawyer,21,174034
54,Male,Master's,Economist,28,168316
34,Male,Master's,Data Analyst,3,73587
64,Male,Bachelor's,Vice President,24,243519
55,Male,Bachelor's,IT Support Specialist,3,45727
25,Female,Master's,Associate,0,61566
58,Female,Master's,Database Administrator,7,108684
52,Male,Master's,Customer Support Specialist,0,52531
40,Female,Bachelor's,Chief Executive Officer,17,214566
24,Female,High School,Intern,1,33014
35,Male,Bachelor's,Junior Developer,3,64338
33,Male,PhD,Associate,1,73197
33,Male,PhD,Financial Analyst,3,98271
61,Female,Bachelor's,Director of Engineering,24,233442
40,Female,Bachelor's,Customer Support Specialist,1,40042
49,Male,Master's,HR Manager,6,99442
43,Female,PhD,DevOps Engineer,6,129622
47,Male,PhD,Cloud Architect,18,278899
45,Male,Bachelor's,Security Engineer,13,151807
42,Male,High School,Teacher,3,42983
33,Female,Bachelor's,Data Scientist,6,104914
23,Male,Master's,Associate,0,65730
48,Female,PhD,Associate,0,75740
42,Female,Bachelor's,Accountant,6,74285
31,Female,Master's,Financial Analyst,4,97626
29,Female,High School,Electrical Engineer,5,79805
35,Female,Master's,UX Designer,2,99526
36,Female,Master's,Software Engineer,3,104365
60,Female,Master's,Sales Manager,8,110432
53,Female,Master's,Director of Engineering,28,257861
28,Male,Bachelor's,Analyst,1,67447
38,Male,PhD,Analyst,4,71115
55,Male,Master's,Lawyer,12,163089
26,Male,Master's,Intern,0,37563
52,Male,Master's,IT Support Specialist,3,57647
47,Male,PhD,Product Manager,10,198054
40,Female,Bachelor's,Director of Engineering,15,194931
49,Female,Master's,Marketing Manager,14,112005
52,Female,Bachelor's,Chief Technology Officer,28,270988
61,Female,Master's,Professor,33,142902
48,Female,High School,Cloud Architect,21,157800
63,Male,Bachelor's,Data Analyst,5,70319
41,Female,Master's,HR Manager,9,104297
56,Female,Master's,Analyst,1,70285
59,Female,Master's,Software Engineer,5,95555
45,Female,Master's,Chief Technology Officer,17,269205
58,Male,Bachelor's,Analyst,0,53538
35,Female,PhD,Analyst,0,80643
31,Male,Bachelor's,Project Manager,5,108501
50,Female,Master's,Senior Data Scientist,20,246899
60,Male,PhD,Research Scientist,28,181929
63,Male,High School,Product Manager,6,86975
25,Female,PhD,Customer Support Specialist,0,54739
61,Female,PhD,Professor,20,156543
35,Female,Bachelor's,IT Support Specialist,3,45121
51,Male,Master's,HR Manager,6,93892
61,Female,Bachelor's,Database Administrator,10,117441
38,Female,Master's,Intern,1,34520
29,Male,Bachelor's,Data Analyst,2,65845
63,Male,Master's,Marketing Manager,11,98849
34,Male,PhD,Customer Support Specialist,3,51880
50,Male,Bachelor's,Lawyer,27,199021
43,Female,Master's,Product Manager,10,151773
57,Male,Master's,Machine Learning Engineer,17,188518
53,Male,Bachelor's,Lawyer,22,153249
23,Male,Bachelor's,Analyst,1,61434
27,Male,PhD,Analyst,0,82521
29,Female,Master's,Customer Support Specialist,0,43178
56,Male,Bachelor's,Architect,14,101227
51,Male,Bachelor's,Database Administrator,21,126597
27,Female,Master's,Graphic Designer,2,59266
39,Female,Bachelor's,Data Analyst,9,74783
23,Female,PhD,Customer Support Specialist,0,50834
56,Female,Master's,Cloud Architect,12,221937
37,Male,Bachelor's,Cloud Architect,14,197611
46,Male,Master's,Chief Financial Officer,18,292324
28,Male,Master's,Intern,0,41579
46,Female,PhD,Statistician,13,127839
45,Female,PhD,Economist,12,137026
48,Female,Master's,Software Engineer,8,104389
52,Female,Master's,Cloud Architect,12,206048
33,Female,Bachelor's,Research Scientist,11,113802
54,Male,Bachelor's,Security Engineer,22,182281
64,Female,Bachelor's,Financial Analyst,9,87381
63,Male,Master's,Data Scientist,12,147183
59,Male,Bachelor's,Operations Manager,15,108018
31,Female,Master's,Architect,7,108687
48,Male,PhD,Professor,16,145575
26,Male,Bachelor's,Customer Support Specialist,1,40647
60,Male,Bachelor's,Operations Manager,26,147361
41,Male,Master's,Systems Administrator,5,101251
49,Female,Master's,Software Engineer,9,101604
65,Female,Master's,Software Engineer,3,108075
51,Female,Bachelor's,Project Manager,7,79717
36,Male,Bachelor's,Architect,5,106526
24,Female,Master's,Analyst,0,65017
53,Male,Master's,Research Scientist,24,154111
49,Female,Master's,Sales Manager,5,100836
45,Male,PhD,Lawyer,11,207435
46,Female,Master's,Customer Support Specialist,0,38252
41,Female,Master's,Chief Financial Officer,15,245140
30,Male,Bachelor's,Electrical Engineer,6,96497
60,Female,Bachelor's,Accountant,4,59052
32,Female,Master's,Data Analyst,3,84706
26,Male,Bachelor's,Graphic Designer,3,50056
50,Male,Master's,Lawyer,16,195687
24,Female,Bachelor's,Customer Support Specialist,0,33105
60,Female,Bachelor's,Senior Software Engineer,26,193844
31,Female,High School,Customer Support Specialist,3,38301
43,Male,Bachelor's,IT Support Specialist,2,50364
52,Female,High School,Mechanical Engineer,7,78117
31,Male,Bachelor's,Intern,1,34162
25,Male,PhD,Analyst,0,68334
36,Male,Bachelor's,UX Designer,5,99516
33,Female,Master's,Junior Developer,0,60170
46,Male,PhD,Economist,18,179407
37,Female,Bachelor's,Healthcare Specialist,3,71422
22,Female,Bachelor's,Analyst,0,63847
59,Female,Bachelor's,Product Manager,15,143087
49,Male,Master's,Chief Executive Officer,24,302091
58,Male,Master's,Senior Software Engineer,19,220186
35,Female,Master's,Machine Learning Engineer,10,167101
25,Male,Bachelor's,IT Support Specialist,1,45507
54,Male,Bachelor's,Analyst,1,58849
39,Female,Bachelor's,UX Designer,2,95677
51,Male,Master's,UX Designer,6,114586
46,Male,Master's,Sales Manager,8,92881
61,Male,Master's,Electrical Engineer,9,99916
34,Male,PhD,UX Designer,6,130482
21,Female,Bachelor's,Analyst,0,57208
42,Female,Master's,IT Support Specialist,3,57324
53,Female,Bachelor's,Vice President,23,240723
65,Female,Bachelor's,Mechanical Engineer,10,109773
61,Male,Bachelor's,Consultant,24,147571
38,Male,Master's,Analyst,3,74338
61,Male,Bachelor's,Chief Financial Officer,39,347840
62,Female,High School,Junior Developer,0,39350
49,Male,Bachelor's,Electrical Engineer,10,114042
37,Male,PhD,Data Analyst,8,90699
55,Female,Master's,Security Engineer,16,177497
58,Female,Master's,Lawyer,15,193504
53,Male,Bachelor's,Director of Engineering,31,299881
28,Male,PhD,Intern,0,39960
46,Male,Master's,Data Analyst,4,83149
33,Female,Master's,IT Support Specialist,3,55150
55,Male,High School,Graphic Designer,2,51992
59,Male,Master's,Network Engineer,7,99637
43,Male,Bachelor's,Systems Administrator,5,79643
31,Male,Master's,Biomedical Engineer,6,100340
59,Female,Bachelor's,Product Manager,28,167378
36,Female,Master's,Analyst,0,58842
27,Male,High School,Project Manager,9,88217
48,Female,Bachelor's,Operations Manager,22,126943
51,Male,PhD,Sales Manager,5,128801
23,Male,Bachelor's,Customer Support Specialist,0,36912
58,Male,PhD,Security Engineer,30,227045
41,Male,Bachelor's,Operations Manager,18,131623
49,Male,Master's,Cloud Architect,20,240152
59,Female,High School,Network Engineer,5,63093
49,Male,Bachelor's,Operations Manager,15,118959
34,Male,Bachelor's,Graphic Designer,4,57529
60,Female,Bachelor's,Intern,0,37260
38,Male,PhD,Customer Support Specialist,0,54293
46,Male,Master's,Product Manager,14,185795
31,Male,Master's,Accountant,6,71118
36,Male,Master's,Database Administrator,5,97188
61,Female,Bachelor's,Lawyer,39,180056
56,Female,Bachelor's,Database Administrator,11,114484
36,Female,Bachelor's,Intern,1,36569
24,Male,High School,Business Analyst,2,57972
31,Male,Bachelor's,Teacher,2,52641
57,Female,Master's,Consultant,20,136745
59,Female,Bachelor's,Consultant,8,108861
58,Male,Master's,Senior Software Engineer,27,272880
33,Female,PhD,Biomedical Engineer,5,118817
47,Male,Bachelor's,Data Analyst,3,70641
29,Male,Bachelor's,Analyst,1,65911
63,Male,Master's,Lawyer,34,223845
63,Female,Master's,Machine Learning Engineer,30,201136
44,Female,Master's,Accountant,2,74919
22,Female,Bachelor's,Analyst,0,54535
41,Female,Master's,Teacher,2,58677
31,Male,Bachelor's,Civil Engineer,6,105771
60,Female,Master's,Cloud Architect,26,246473
41,Male,Bachelor's,Cloud Architect,15,165845
42,Female,Master's,Chief Technology Officer,18,270765
46,Male,Master's,Chief Executive Officer,21,311883
39,Female,Master's,Data Analyst,4,72353
24,Male,Master's,Intern,0,38070
41,Female,Master's,Database Administrator,13,136799
49,Female,Bachelor's,Director of Engineering,20,220266
50,Male,Master's,Financial Analyst,6,97940
25,Male,PhD,IT Support Specialist,0,60171
65,Female,PhD,Architect,14,156251
32,Female,Bachelor's,Intern,0,34941
35,Male,Master's,Financial Analyst,4,90313
50,Female,PhD,Customer Support Specialist,4,47886
58,Male,Bachelor's,Intern,0,37015
36,Female,Bachelor's,IT Support Specialist,0,43593
60,Male,Master's,Accountant,5,83596
63,Male,Master's,Analyst,1,70382
52,Female,PhD,Professor,18,157806
65,Female,PhD,Research Scientist,32,182802
47,Female,Bachelor's,HR Manager,5,72006
46,Male,Master's,Economist,22,135931
49,Female,Bachelor's,Database Administrator,8,102492
28,Male,Master's,Intern,0,38903
41,Female,Bachelor's,Security Engineer,16,140088
28,Female,Master's,Business Analyst,2,72450
42,Female,Master's,Cloud Architect,15,240014
57,Male,Master's,Economist,24,151698
21,Female,High School,Analyst,0,51222
29,Male,Bachelor's,IT Support Specialist,1,44646
26,Male,Master's,Associate,0,72180
36,Female,PhD,Junior Developer,1,82780
40,Female,Bachelor's,Business Analyst,3,81855
55,Male,Bachelor's,Lawyer,24,182847
49,Male,Master's,Electrical Engineer,7,101425
64,Male,Master's,Economist,26,135203
47,Female,Master's,Research Scientist,10,137049
37,Female,Master's,Sales Manager,11,121640
63,Female,Bachelor's,Operations Manager,31,124750
57,Female,Master's,Security Engineer,22,174346
40,Female,High School,Mechanical Engineer,9,80464
62,Male,Master's,Professor,10,118271
55,Male,Master's,Database Administrator,21,145886
51,Female,Bachelor's,Cloud Architect,24,233256
36,Male,Bachelor's,Accountant,2,69282
21,Male,Bachelor's,IT Support Specialist,0,46117
30,Female,High School,Customer Support Specialist,1,35109
43,Male,PhD,Data Analyst,4,91855
39,Female,Bachelor's,Associate,0,52963
50,Male,Bachelor's,Chief Technology Officer,25,228142
43,Female,Bachelor's,Vice President,16,218846
36,Male,Bachelor's,Statistician,10,99625
40,Male,Bachelor's,HR Manager,8,89033
31,Female,Bachelor's,Customer Support Specialist,0,34969
63,Male,Bachelor's,Senior Data Scientist,20,198876
33,Female,PhD,Teacher,4,66856
50,Female,Bachelor's,Operations Manager,12,123766
38,Female,PhD,Database Administrator,9,143719
40,Female,PhD,Analyst,1,88150
22,Male,Bachelor's,Intern,0,36807
23,Male,Master's,Junior Developer,0,68543
56,Male,Master's,Operations Manager,10,123379
21,Female,Bachelor's,Intern,0,34594
24,Male,Master's,IT Support Specialist,0,59158
64,Female,Bachelor's,Economist,20,119577
60,Female,Master's,HR Manager,7,84366
30,Female,Master's,IT Support Specialist,4,52572
25,Male,Master's,Intern,1,42559
64,Male,High School,Cloud Architect,33,183243
58,Male,Bachelor's,Customer Support Specialist,1,43581
49,Female,Bachelor's,Associate,0,52481
58,Female,PhD,Professor,19,144423
61,Female,Bachelor's,Analyst,1,59095
22,Female,Bachelor's,Junior Developer,0,60167
56,Male,Bachelor's,Software Engineer,2,83382
57,Female,Bachelor's,Operations Manager,11,101197
21,Female,Master's,Associate,0,65624
48,Male,Bachelor's,Lawyer,17,160723
54,Male,Master's,Machine Learning Engineer,23,205062
28,Male,PhD,Intern,0,44067
43,Male,Master's,Intern,0,40085
35,Male,PhD,Network Engineer,7,114825
52,Female,Master's,Professor,16,144781
39,Female,Bachelor's,Project Manager,14,111558
39,Male,Master's,Mechanical Engineer,7,107423
24,Female,High School,Data Analyst,4,61992
50,Male,Master's,Intern,1,38717
44,Female,PhD,Security Engineer,5,159735
28,Female,Bachelor's,Architect,5,94508
60,Male,Bachelor's,Product Manager,29,193061
56,Male,Master's,Economist,14,143264
54,Male,Bachelor's,Product Manager,25,137287
53,Female,PhD,Cloud Architect,23,282785
55,Female,Master's,Security Engineer,26,189213
30,Male,Bachelor's,Healthcare Specialist,3,71108
51,Female,PhD,Security Engineer,7,155018
56,Male,Master's,Data Scientist,14,150375
61,Male,High School,Database Administrator,24,112437
64,Male,Master's,Chief Financial Officer,33,335731
35,Female,Bachelor's,Project Manager,11,93769
34,Female,Bachelor's,Financial Analyst,2,77405
57,Female,PhD,Lawyer,13,198943
41,Female,Master's,Database Administrator,17,145483
37,Female,High School,Lawyer,16,151380
45,Male,PhD,Analyst,2,84122
61,Female,Master's,Professor,20,158129
51,Male,Bachelor's,Vice President,15,247157
48,Male,PhD,Database Administrator,8,129455
46,Female,PhD,Security Engineer,10,172836
60,Male,PhD,Machine Learning Engineer,32,252334
52,Male,High School,Cloud Architect,17,149366
44,Male,Master's,Intern,1,36441
33,Male,High School,Machine Learning Engineer,13,135626
59,Female,Bachelor's,Mechanical Engineer,5,82337
57,Male,Master's,Business Analyst,2,85884
62,Male,Master's,Research Scientist,38,183424
33,Male,Master's,Graphic Designer,2,59949
42,Male,Bachelor's,Architect,6,84860
27,Female,Master's,Junior Developer,0,61267
50,Male,PhD,Consultant,15,155859
53,Male,Bachelor's,DevOps Engineer,9,108130
30,Male,Master's,Accountant,2,81655
31,Male,Master's,Business Analyst,3,73473
47,Female,PhD,Software Engineer,13,141446
62,Male,PhD,Database Administrator,21,184906
28,Female,Master's,Junior Developer,0,56270
49,Female,PhD,Senior Data Scientist,18,264637
60,Male,High School,Statistician,11,82864
41,Female,PhD,Customer Support Specialist,0,44960
60,Female,PhD,Chief Executive Officer,29,373104
57,Male,Master's,Professor,15,126565
60,Male,Master's,Consultant,29,164054
32,Female,Master's,IT Support Specialist,3,49187
59,Male,Bachelor's,Senior Software Engineer,35,206603
41,Female,Master's,Lawyer,15,177820
29,Female,Bachelor's,Intern,0,29694
43,Female,Bachelor's,Security Engineer,8,113424
39,Female,Bachelor's,Economist,11,118160
43,Female,Master's,Architect,5,118670
28,Female,Bachelor's,Associate,0,49732
32,Male,Master's,Associate,2,65911
37,Male,Bachelor's,Research Scientist,11,130507
57,Male,Bachelor's,Lawyer,18,168781
33,Male,PhD,Associate,0,74247
34,Male,Master's,HR Manager,5,98996
34,Male,Bachelor's,Database Administrator,8,106009
42,Female,Bachelor's,Mechanical Engineer,6,78909
54,Female,Master's,Project Manager,14,126027
55,Female,PhD,Marketing Manager,8,105183
60,Female,Master's,Data Analyst,3,81984
56,Female,Master's,Product Manager,20,159655
57,Female,High School,Database Administrator,10,93161
41,Male,Bachelor's,Operations Manager,17,105169
41,Male,Master's,Civil Engineer,14,125663
23,Male,Bachelor's,Analyst,1,55141
42,Female,Master's,Marketing Manager,12,103561
31,Male,Master's,Software Engineer,4,115624
44,Female,Master's,Chief Executive Officer,16,253474
38,Female,Master's,Financial Analyst,8,103251
62,Male,Bachelor's,Database Administrator,17,121762
60,Male,PhD,Operations Manager,26,189862
44,Male,Master's,Chief Financial Officer,19,265761
59,Female,High School,IT Support Specialist,1,37224
37,Male,Master's,Database Administrator,9,128435
24,Male,Bachelor's,Junior Developer,1,60673
51,Male,PhD,Junior Developer,1,68382
29,Female,Master's,Associate,0,69849
55,Female,PhD,Data Scientist,11,155757
57,Female,Bachelor's,Cloud Architect,30,244206
49,Female,Master's,Economist,16,130422
63,Female,Master's,Graphic Designer,4,60509
48,Male,PhD,Statistician,5,114702
29,Male,High School,Lawyer,10,131916
44,Male,PhD,Vice President,15,282297
30,Female,PhD,Junior Developer,0,78979
33,Female,PhD,Junior Developer,0,63751
32,Male,Master's,UX Designer,7,100839
27,Male,Bachelor's,HR Manager,5,75812
64,Female,Bachelor's,Product Manager,23,136249
42,Male,Bachelor's,DevOps Engineer,12,123372
37,Male,PhD,HR Manager,9,102871
57,Female,Master's,Project Manager,5,102473
26,Female,PhD,Intern,0,50685
34,Female,Bachelor's,Lawyer,11,153726
24,Male,Master's,Analyst,0,61761
38,Male,PhD,Customer Support Specialist,0,56713
61,Male,Master's,Marketing Manager,5,87275
55,Male,Bachelor's,Database Administrator,28,125130
37,Female,Master's,IT Support Specialist,0,45605
38,Male,PhD,Software Engineer,3,119558
49,Male,Master's,Customer Support Specialist,4,52568
57,Male,Bachelor's,Cloud Architect,24,201043
44,Male,Master's,Security Engineer,18,168652
34,Male,Bachelor's,Business Analyst,2,74598
40,Female,Master's,Architect,5,103442
41,Male,Bachelor's,Operations Manager,14,112286
39,Male,Master's,Business Analyst,2,86020
46,Male,Master's,Professor,22,162369
23,Female,High School,Junior Developer,3,47076
49,Female,High School,Professor,21,111331
32,Female,Master's,IT Support Specialist,0,45082
58,Female,Master's,Mechanical Engineer,11,115810
35,Male,Master's,Mechanical Engineer,8,111690
41,Male,Master's,Marketing Manager,8,109803
60,Female,Master's,Senior Software Engineer,22,196968
25,Male,PhD,Junior Developer,0,70030
65,Male,Master's,Associate,4,75912
46,Female,Bachelor's,Electrical Engineer,6,86544
30,Female,Master's,Intern,0,40796
43,Male,Master's,Research Scientist,19,150309
59,Female,Bachelor's,Director of Engineering,29,233819
28,Female,Bachelor's,Intern,0,30543
46,Female,PhD,DevOps Engineer,11,164293
65,Male,PhD,Operations Manager,29,143608
54,Male,Bachelor's,Chief Technology Officer,16,252678
64,Female,Master's,Chief Financial Officer,39,315603
31,Male,Master's,Business Analyst,3,83556
23,Female,Bachelor's,Analyst,1,62284
65,Female,High School,Network Engineer,8,84384
56,Female,PhD,Financial Analyst,3,94631
58,Female,Master's,Product Manager,27,180820
37,Female,Bachelor's,Machine Learning Engineer,11,138865
41,Female,Bachelor's,Mechanical Engineer,13,104374
48,Male,PhD,Architect,14,149521
25,Female,Bachelor's,Junior Developer,0,51938
35,Male,Master's,Intern,0,43564
59,Male,PhD,Chief Executive Officer,24,387701
31,Female,Bachelor's,HR Manager,8,83076
32,Male,Bachelor's,Junior Developer,4,56177
36,Male,High School,Architect,6,89910
62,Female,Master's,Project Manager,12,138625
21,Male,Bachelor's,Associate,0,45951
37,Male,Bachelor's,Intern,1,35375
62,Female,Bachelor's,Security Engineer,15,144824
49,Female,PhD,Operations Manager,11,147073
52,Male,PhD,Teacher,3,67703
36,Male,Master's,Consultant,8,132809
42,Male,Bachelor's,Civil Engineer,8,96444
59,Male,PhD,Research Scientist,19,162700
48,Male,Master's,Lawyer,19,196928
64,Male,Bachelor's,Machine Learning Engineer,31,168456
52,Male,Bachelor's,Director of Engineering,24,243972
43,Male,Master's,Chief Executive Officer,15,300288
51,Female,Bachelor's,Director of Engineering,29,256155
60,Male,Master's,Cloud Architect,35,295267
50,Female,Master's,Chief Financial Officer,20,288906
53,Male,Master's,Cloud Architect,27,259147
63,Female,Bachelor's,Consultant,33,151030
41,Male,Master's,Consultant,14,142662
46,Female,Master's,Chief Executive Officer,20,299133
25,Male,PhD,Associate,0,64801
46,Female,Master's,Sales Manager,13,126083
21,Male,PhD,Associate,0,80893
38,Male,Master's,Statistician,6,107738
51,Female,Master's,Data Scientist,11,130682
61,Male,Master's,Healthcare Specialist,3,83309
43,Female,Master's,Senior Software Engineer,14,212105
60,Male,Bachelor's,Senior Software Engineer,24,186061
54,Male,Bachelor's,Cloud Architect,14,173931
35,Male,Bachelor's,Junior Developer,3,61193
37,Female,Master's,Operations Manager,11,110848
25,Male,Master's,Associate,1,63908
32,Female,Master's,Junior Developer,3,63529
45,Female,PhD,Operations Manager,14,146187
59,Male,High School,Research Scientist,19,103629
61,Male,PhD,Financial Analyst,9,124641
38,Female,Master's,Accountant,5,79326
33,Male,PhD,HR Manager,5,104395
33,Male,Master's,Accountant,9,96779
59,Male,PhD,Chief Technology Officer,30,339266
37,Female,PhD,Project Manager,5,110071
35,Female,Bachelor's,Customer Support Specialist,1,40176
53,Male,Master's,Chief Technology Officer,21,265779
25,Female,PhD,Customer Support Specialist,0,45360
45,Male,High School,Software Engineer,6,89059
52,Male,High School,Director of Engineering,20,185614
62,Female,PhD,Professor,23,144736
39,Male,PhD,Network Engineer,5,120498
29,Male,PhD,IT Support Specialist,1,65115
40,Female,PhD,Research Scientist,11,164699
44,Male,PhD,Technical Writer,13,98343
45,Female,Master's,Project Manager,14,132263
28,Male,High School,Data Scientist,7,111741
40,Female,PhD,Business Analyst,4,112427
23,Female,High School,Data Analyst,2,54166
54,Male,PhD,Senior Data Scientist,25,295492
53,Male,Bachelor's,Data Analyst,2,65373
65,Female,Bachelor's,Security Engineer,36,181054
27,Female,Master's,Analyst,0,63719
55,Female,PhD,Product Manager,18,189675
37,Male,Master's,Accountant,2,78854
47,Male,Bachelor's,Junior Developer,4,56210
25,Female,PhD,Intern,0,44157
29,Female,Bachelor's,Teacher,3,53281
24,Male,Bachelor's,Software Engineer,2,79083
31,Male,Master's,Accountant,2,70828
35,Female,PhD,Junior Developer,0,66957
43,Male,Master's,Vice President,15,263590
65,Male,Master's,Chief Executive Officer,38,308253
48,Male,Bachelor's,Research Scientist,14,123638
48,Male,Bachelor's,Senior Software Engineer,18,203599
46,Male,Bachelor's,Accountant,3,58418
48,Female,Master's,Healthcare Specialist,4,77719
29,Male,Bachelor's,Product Manager,6,114176
49,Male,Master's,Software Engineer,13,130353
58,Female,Master's,Mechanical Engineer,5,104502
27,Male,Master's,Junior Developer,3,69852
56,Female,High School,Research Scientist,19,104848
42,Male,Master's,Machine Learning Engineer,12,152057
21,Female,Bachelor's,Intern,0,35633
26,Female,Master's,Intern,1,43452
58,Male,Master's,Vice President,31,316237
52,Male,PhD,Junior Developer,2,60122
34,Female,Bachelor's,Statistician,12,97177
23,Female,Bachelor's,Intern,1,37361
60,Female,PhD,Intern,0,42550
24,Female,Bachelor's,Intern,0,34166
24,Female,Bachelor's,IT Support Specialist,2,54069
34,Female,Bachelor's,Lawyer,10,148748
35,Male,Master's,Business Analyst,3,82853
43,Male,Bachelor's,UX Designer,4,101998
24,Male,High School,IT Support Specialist,3,40491
52,Male,Master's,Economist,27,170779
48,Male,Bachelor's,Research Scientist,14,120391
41,Female,PhD,HR Manager,5,108103
46,Female,Bachelor's,Sales Manager,13,102059
28,Female,PhD,Intern,0,43774
30,Female,Master's,IT Support Specialist,1,49349
23,Female,Bachelor's,Associate,0,53984
25,Female,Bachelor's,Accountant,2,57333
42,Female,PhD,Statistician,7,111549
55,Male,Master's,Civil Engineer,7,91321
45,Female,Bachelor's,Lawyer,12,135712
47,Female,Master's,Economist,10,119734
64,Female,Bachelor's,Database Administrator,11,114869
59,Male,Master's,IT Support Specialist,4,58325
43,Male,Bachelor's,Research Scientist,10,120225
53,Female,Bachelor's,Consultant,25,142662
21,Female,Bachelor's,Junior Developer,0,56068
32,Male,PhD,Financial Analyst,4,118189
28,Female,Master's,Analyst,1,67773
30,Female,Master's,Analyst,1,62606
39,Male,Bachelor's,Technical Writer,13,82284
57,Male,Master's,Database Administrator,25,110213
56,Female,Bachelor's,Director of Engineering,27,203819
48,Male,PhD,Graphic Designer,4,72272
61,Male,PhD,Database Administrator,21,164331
33,Male,PhD,Financial Analyst,3,97417
57,Female,Master's,Vice President,28,279285
50,Female,Master's,Consultant,13,142821
51,Female,Bachelor's,Junior Developer,1,55847
38,Female,Master's,Sales Manager,14,116735
32,Male,Master's,UX Designer,8,105954
31,Female,PhD,Analyst,1,90936
54,Female,Master's,Mechanical Engineer,8,114583
46,Male,Master's,UX Designer,4,107048
63,Male,Master's,Vice President,22,263638
59,Female,High School,Database Administrator,19,120498
36,Female,PhD,IT Support Specialist,3,60502
21,Male,High School,Customer Support Specialist,3,38135
37,Male,Master's,Project Manager,9,130044
23,Female,Bachelor's,Customer Support Specialist,1,36050
55,Female,PhD,Marketing Manager,10,110454
31,Female,Bachelor's,Junior Developer,4,48283
58,Male,High School,Operations Manager,18,105150
60,Male,Bachelor's,Operations Manager,21,119621
24,Male,Bachelor's,IT Support Specialist,0,45944
56,Male,Bachelor's,Chief Executive Officer,31,277486
52,Female,Bachelor's,Consultant,24,133651
50,Female,Bachelor's,Architect,8,96914
49,Female,Master's,Project Manager,6,100848
49,Male,High School,IT Support Specialist,2,40495
60,Male,Master's,Consultant,7,116772
30,Female,Master's,Graphic Designer,3,53235
29,Female,Bachelor's,Junior Developer,3,56092
38,Male,PhD,UX Designer,7,130867
22,Male,Bachelor's,IT Support Specialist,0,41327
22,Male,Bachelor's,Junior Developer,0,52725
46,Male,Master's,Customer Support Specialist,1,47310
48,Male,Bachelor's,Economist,15,124983
26,Male,Bachelor's,IT Support Specialist,1,39354
46,Male,Bachelor's,Junior Developer,0,53253
59,Female,Bachelor's,Data Analyst,2,64320
52,Female,Bachelor's,Operations Manager,14,117365
27,Male,Bachelor's,Customer Support Specialist,1,38081
21,Male,Bachelor's,Customer Support Specialist,0,34187
59,Male,Master's,Architect,13,132310
30,Male,Master's,Associate,0,67440
64,Female,High School,Machine Learning Engineer,36,168226
60,Male,Master's,Economist,20,134117
40,Female,Bachelor's,Chief Financial Officer,15,237523
26,Male,Master's,Customer Support Specialist,0,43624
21,Male,Master's,Analyst,0,74188
55,Male,Master's,Intern,1,41955
35,Female,Master's,Intern,0,36497
60,Male,Bachelor's,Civil Engineer,12,97903
43,Male,Master's,Database Administrator,12,116818
57,Male,PhD,Product Manager,20,205401
43,Male,Master's,Research Scientist,11,140371
54,Female,Bachelor's,Chief Executive Officer,24,268218
54,Male,Master's,Cloud Architect,19,197794
62,Male,PhD,Operations Manager,12,137019
58,Female,Master's,Chief Financial Officer,26,253968
28,Male,High School,UX Designer,2,71636
21,Male,Master's,Customer Support Specialist,0,46266
26,Male,Bachelor's,Analyst,3,71414
38,Female,Master's,Intern,1,40275
42,Male,PhD,Analyst,2,80064
22,Female,High School,Customer Support Specialist,4,33995
54,Female,Bachelor's,Electrical Engineer,10,92712
21,Male,High School,Customer Support Specialist,1,34357
42,Male,Bachelor's,Research Scientist,18,122364
33,Male,Master's,Mechanical Engineer,6,100962
40,Male,PhD,HR Manager,5,105996
38,Male,Bachelor's,Senior Software Engineer,11,167730
33,Male,Bachelor's,Sales Manager,5,86050
23,Female,High School,HR Manager,5,64103
49,Female,PhD,Intern,0,38630
23,Male,High School,Associate,4,57064
51,Female,Bachelor's,Junior Developer,3,55683
22,Female,Bachelor's,Junior Developer,0,49210
37,Female,Bachelor's,Data Scientist,13,139376
52,Female,Master's,Director of Engineering,16,270084
31,Male,Bachelor's,Database Administrator,6,97039
52,Male,Bachelor's,Associate,0,53821
52,Male,Master's,Data Analyst,4,80712
60,Female,Master's,Vice President,36,321104
22,Female,Bachelor's,Junior Developer,0,52451
26,Male,Bachelor's,Analyst,0,63965
55,Male,Bachelor's,Security Engineer,26,179033
44,Male,High School,Civil Engineer,7,77155
34,Male,Master's,Statistician,5,109286
61,Female,Bachelor's,Project Manager,11,101649
41,Female,PhD,Associate,1,81661
28,Male,Bachelor's,Customer Support Specialist,0,43793
48,Male,Master's,Product Manager,19,160963
34,Male,Master's,Financial Analyst,3,108902
49,Female,Bachelor's,Customer Support Specialist,1,43257
56,Female,Bachelor's,Vice President,23,233038
37,Male,Bachelor's,Architect,9,107065
38,Male,Master's,Sales Manager,11,137417
60,Female,Master's,Consultant,17,156812
25,Male,Bachelor's,Customer Support Specialist,3,44777
65,Male,Bachelor's,Electrical Engineer,14,108309
23,Female,Bachelor's,Junior Developer,0,52114
29,Male,Bachelor's,Business Analyst,3,67676
26,Male,Bachelor's,Healthcare Specialist,4,80892
57,Female,Bachelor's,Operations Manager,29,136924
30,Female,Bachelor's,Security Engineer,5,117977
39,Female,Master's,Lawyer,12,184442
46,Female,Bachelor's,Professor,18,113347
33,Male,Master's,Associate,1,62858
43,Male,Master's,Architect,13,113293
40,Male,Master's,Consultant,12,121194
43,Male,Master's,Associate,1,67092
62,Male,Bachelor's,Economist,34,134750
48,Female,Master's,Security Engineer,6,122526
48,Female,PhD,Software Engineer,12,131981
36,Female,Master's,Associate,3,64744
49,Male,High School,Chief Financial Officer,29,208080
58,Female,Bachelor's,Senior Data Scientist,21,197674
58,Male,Bachelor's,Chief Technology Officer,16,252492
40,Male,Master's,Mechanical Engineer,9,99488
36,Female,Master's,Associate,3,72389
22,Female,Bachelor's,Junior Developer,0,60214
51,Male,Master's,Statistician,12,134741
50,Male,Master's,Consultant,23,150222
63,Female,Bachelor's,Operations Manager,33,154063
58,Male,Bachelor's,Senior Software Engineer,17,164362
60,Female,Master's,Teacher,3,56747
41,Female,Bachelor's,Network Engineer,8,93056
38,Female,PhD,Software Engineer,6,123301
45,Female,Bachelor's,Database Administrator,15,100770
39,Female,High School,Vice President,17,172949
47,Male,Bachelor's,Healthcare Specialist,3,58083
39,Male,PhD,Professor,11,147993
47,Female,Master's,UX Designer,9,108824
63,Female,High School,Lawyer,29,143773
65,Male,Bachelor's,Operations Manager,34,135605
64,Female,Master's,Operations Manager,20,143825
36,Male,Master's,Civil Engineer,7,101204
56,Male,Master's,DevOps Engineer,12,153605
29,Female,Bachelor's,Customer Support Specialist,0,41325
64,Male,Master's,Product Manager,34,214779
37,Female,Master's,Customer Support Specialist,1,51579
48,Female,Bachelor's,Business Analyst,4,84656
46,Male,Bachelor's,Research Scientist,18,109196
39,Female,Master's,Civil Engineer,14,127863
49,Female,Master's,Operations Manager,23,156467
22,Female,Master's,IT Support Specialist,0,45685
41,Male,PhD,Analyst,1,84183
33,Male,High School,Security Engineer,5,92062
52,Female,PhD,Product Manager,16,208106
28,Female,Master's,Accountant,4,74299
37,Female,Bachelor's,Data Scientist,11,114153
35,Male,Master's,Statistician,9,115362
39,Male,Bachelor's,Business Analyst,4,79934
39,Female,PhD,UX Designer,7,109730
61,Male,High School,Graphic Designer,2,43305
50,Male,Bachelor's,Mechanical Engineer,11,102154
55,Female,Bachelor's,Mechanical Engineer,11,104092
25,Male,Bachelor's,Intern,1,32480
31,Male,Bachelor's,Data Analyst,2,64993
42,Female,PhD,Technical Writer,13,104690
55,Female,Bachelor's,Mechanical Engineer,12,99130
43,Male,PhD,Architect,12,122783
63,Female,High School,Professor,35,108326
38,Female,PhD,Customer Support Specialist,4,56173
56,Female,Master's,Product Manager,26,186395
61,Female,Master's,Data Analyst,6,76005
22,Male,Master's,Analyst,0,69244
39,Female,Bachelor's,Mechanical Engineer,10,102385
64,Female,Bachelor's,Product Manager,29,172567
61,Male,Bachelor's,Lawyer,17,156711
60,Female,Bachelor's,Research Scientist,34,150598
50,Female,Bachelor's,Lawyer,27,156872
39,Male,PhD,Customer Support Specialist,1,55437
58,Female,Master's,Cloud Architect,34,239369
62,Female,PhD,IT Support Specialist,0,55956
49,Male,Master's,Product Manager,19,179336
53,Male,High School,Vice President,29,203047
36,Female,Bachelor's,Technical Writer,13,71147
48,Female,Bachelor's,Chief Executive Officer,17,231002
54,Male,Bachelor's,Cloud Architect,30,201640
65,Male,Bachelor's,Chief Technology Officer,29,279055
50,Male,PhD,Vice President,17,311940
62,Male,Bachelor's,Consultant,34,141797
60,Male,PhD,Security Engineer,15,183278
39,Female,PhD,Electrical Engineer,5,119287
48,Male,Master's,Lawyer,15,188302
22,Male,Bachelor's,Intern,0,35935
62,Male,PhD,Associate,0,64846
24,Male,Bachelor's,Junior Developer,1,61254
53,Male,PhD,Research Scientist,22,193676
49,Male,Master's,Electrical Engineer,5,102321
50,Male,Master's,Mechanical Engineer,14,122153
38,Female,Master's,Database Administrator,6,100505
44,Female,Bachelor's,Architect,14,96087
25,Female,Master's,Analyst,1,78652
44,Female,PhD,Accountant,2,79995
32,Male,Master's,Electrical Engineer,5,118123
28,Female,Bachelor's,Sales Manager,5,78911
24,Male,Master's,IT Support Specialist,0,50323
30,Male,Bachelor's,Customer Support Specialist,0,43409
64,Male,PhD,Product Manager,16,182129
34,Female,Bachelor's,Accountant,4,62878
28,Male,PhD,Analyst,0,76197
28,Female,Bachelor's,Healthcare Specialist,3,65646
37,Male,PhD,Electrical Engineer,8,134498
44,Male,PhD,Vice President,16,282385
27,Female,Bachelor's,Analyst,1,61800
58,Female,PhD,Associate,0,62551
64,Male,Master's,Security Engineer,17,160970
54,Female,Bachelor's,IT Support Specialist,1,43443
59,Female,PhD,Sales Manager,6,118555
45,Female,Bachelor's,Senior Software Engineer,11,163998
57,Female,Bachelor's,Chief Executive Officer,19,236388
23,Female,Bachelor's,Customer Support Specialist,1,43639
52,Male,Master's,Database Administrator,23,159959
52,Male,Bachelor's,Machine Learning Engineer,16,143640
57,Female,Bachelor's,Architect,8,100137
26,Female,Master's,Junior Developer,1,57374
56,Female,Bachelor's,Consultant,21,126349
27,Male,Bachelor's,Healthcare Specialist,2,72775
65,Male,Master's,Chief Financial Officer,29,317106
25,Female,Bachelor's,Data Analyst,2,74211
64,Female,Master's,Machine Learning Engineer,24,174371
64,Female,Master's,Research Scientist,17,148647
31,Female,Bachelor's,Data Scientist,8,110053
34,Female,Master's,Customer Support Specialist,0,41687
45,Male,PhD,Junior Developer,0,68117
22,Female,Bachelor's,Customer Support Specialist,0,38535
38,Male,Master's,UX Designer,6,119059
60,Male,PhD,Security Engineer,28,205998
24,Male,Master's,Customer Support Specialist,0,39547
30,Female,Bachelor's,Teacher,2,43963
52,Male,Bachelor's,Chief Financial Officer,21,277872
42,Female,PhD,Civil Engineer,10,116299
25,Female,Bachelor's,Business Analyst,2,75311
41,Female,Bachelor's,Analyst,4,58276
44,Male,Bachelor's,Electrical Engineer,13,108890
42,Male,Bachelor's,Customer Support Specialist,4,44558
38,Female,Master's,IT Support Specialist,0,54642
32,Female,Master's,Consultant,6,118324
34,Male,Master's,Teacher,3,60461
52,Male,High School,Senior Software Engineer,18,159548
49,Female,Master's,Junior Developer,2,62828
47,Male,Master's,UX Designer,3,112981
49,Female,Bachelor's,Economist,26,115732
33,Female,High School,Database Administrator,6,84062
49,Female,PhD,Intern,0,51288
39,Female,Master's,UX Designer,4,87428
43,Male,PhD,Teacher,4,65000
62,Male,Bachelor's,Data Scientist,14,121857
57,Female,High School,Product Manager,14,113488
61,Female,Master's,Director of Engineering,24,251969
52,Female,Master's,Chief Technology Officer,21,309083
33,Male,Bachelor's,Junior Developer,4,61409
46,Female,Master's,Operations Manager,14,121331
37,Male,Master's,Mechanical Engineer,13,119224
62,Female,Master's,Senior Data Scientist,22,237103
45,Female,PhD,Associate,0,69889
31,Female,Master's,Associate,0,62765
35,Female,Master's,Analyst,0,69218
24,Female,Master's,Analyst,0,67627
25,Male,Master's,Analyst,1,78979
27,Female,Bachelor's,Healthcare Specialist,2,68270
24,Male,Bachelor's,Intern,0,35822
25,Male,PhD,Customer Support Specialist,0,50233
22,Female,Bachelor's,IT Support Specialist,0,45065
29,Male,Bachelor's,UX Designer,4,87643
42,Male,Master's,Director of Engineering,16,227216
55,Female,PhD,Security Engineer,19,184801
33,Female,PhD,Business Analyst,4,106495
60,Female,Bachelor's,Security Engineer,28,165641
50,Female,High School,Consultant,6,90269
36,Male,Bachelor's,Project Manager,8,82946
43,Female,PhD,Mechanical Engineer,11,103280
21,Male,Bachelor's,Intern,0,33737
55,Female,Master's,Cloud Architect,25,220870
63,Female,Master's,Consultant,12,132220
21,Female,Bachelor's,Junior Developer,0,47464
53,Female,PhD,Research Scientist,21,169259
54,Male,High School,Director of Engineering,28,225782
23,Male,PhD,IT Support Specialist,0,71502
26,Male,Bachelor's,Intern,0,30433
33,Female,Master's,Analyst,0,69405
61,Female,Master's,HR Manager,6,96383
51,Female,Master's,Cloud Architect,12,234584
59,Male,Bachelor's,Customer Support Specialist,4,47527
65,Female,Master's,Machine Learning Engineer,41,214280
49,Male,High School,Civil Engineer,11,80395
49,Female,Master's,IT Support Specialist,1,52630
63,Male,Master's,Chief Financial Officer,22,304805
29,Male,Bachelor's,Electrical Engineer,5,97076
53,Female,Bachelor's,Product Manager,16,160490
40,Female,Bachelor's,Accountant,6,64841
22,Male,Master's,Customer Support Specialist,0,43592
56,Male,Master's,Chief Executive Officer,32,323525
64,Female,Master's,Cloud Architect,17,210840
33,Male,Bachelor's,Database Administrator,5,99966
29,Male,High School,Security Engineer,9,99069
63,Female,Bachelor's,Lawyer,37,196150
48,Male,Master's,Business Analyst,2,82354
42,Female,Bachelor's,Product Manager,7,143804
43,Female,Master's,Cloud Architect,13,228819
41,Male,PhD,Research Scientist,12,142890
55,Male,PhD,Database Administrator,11,161533
65,Male,Master's,DevOps Engineer,6,128249
53,Male,PhD,Cloud Architect,17,260437
49,Female,Bachelor's,Biomedical Engineer,9,87652
61,Male,Bachelor's,Data Analyst,7,82782
60,Female,High School,Chief Technology Officer,42,250658
55,Female,Bachelor's,Economist,33,122343
54,Female,PhD,Database Administrator,26,168239
51,Male,Master's,Consultant,22,163104
39,Female,Bachelor's,Junior Developer,3,58745
46,Male,Master's,Analyst,2,79470
59,Female,Bachelor's,Operations Manager,27,99602
45,Male,Master's,Director of Engineering,18,279954
55,Male,Master's,Marketing Manager,11,105018
33,Female,PhD,IT Support Specialist,4,68701
26,Male,Master's,Junior Developer,2,72236
43,Male,Master's,Chief Technology Officer,16,285257
64,Male,PhD,Chief Technology Officer,32,369024
45,Female,Bachelor's,DevOps Engineer,9,106680
40,Male,Bachelor's,IT Support Specialist,1,49180
26,Male,Master's,Customer Support Specialist,0,45883
64,Male,Master's,Product Manager,16,192343
52,Female,Master's,Product Manager,27,165582
42,Male,Bachelor's,Research Scientist,18,122992
58,Male,Master's,Director of Engineering,15,266479
24,Male,Bachelor's,Intern,1,39541
42,Male,PhD,Research Scientist,14,171608
27,Female,Bachelor's,Financial Analyst,4,89858
30,Male,Bachelor's,Associate,0,56160
57,Female,High School,Statistician,14,78636
63,Male,Master's,Customer Support Specialist,1,52095
40,Female,Bachelor's,Chief Executive Officer,16,246657
28,Female,PhD,Customer Support Specialist,0,49127
43,Male,Master's,Financial Analyst,7,103768
31,Male,Master's,UX Designer,2,100156
27,Female,Bachelor's,Software Engineer,4,98271
50,Male,Master's,Electrical Engineer,11,97236
53,Female,Bachelor's,Database Administrator,11,115802
56,Male,Master's,Intern,0,39211
52,Female,Bachelor's,Vice President,23,246583
62,Female,PhD,Cloud Architect,18,212464
26,Male,Bachelor's,Graphic Designer,2,53897
36,Female,Bachelor's,Electrical Engineer,10,95926
45,Male,Master's,Machine Learning Engineer,17,187840
39,Male,PhD,IT Support Specialist,0,55281
36,Male,Bachelor's,Database Administrator,10,96553
23,Male,High School,Financial Analyst,4,72830
24,Male,Bachelor's,Associate,0,55241
60,Female,High School,Software Engineer,13,77642
65,Female,Bachelor's,Data Analyst,4,69168
59,Female,PhD,Database Administrator,19,162373
32,Male,Bachelor's,Architect,6,112738
34,Male,Bachelor's,Civil Engineer,11,112416
39,Female,PhD,IT Support Specialist,2,53874
31,Male,Master's,Customer Support Specialist,4,48584
44,Male,Master's,Teacher,4,67263
47,Male,Master's,Director of Engineering,16,286058
64,Male,Master's,Professor,11,109268
55,Female,PhD,Mechanical Engineer,5,109065
23,Female,Bachelor's,Customer Support Specialist,1,36371
49,Male,PhD,Database Administrator,21,194692
39,Male,Bachelor's,Analyst,2,64414
24,Female,High School,Product Manager,5,100986
41,Female,Master's,Accountant,2,83313
62,Male,High School,Project Manager,14,98461
62,Male,Master's,HR Manager,6,94379
38,Female,Bachelor's,Associate,0,52000
41,Male,Master's,Civil Engineer,5,105186
33,Male,Bachelor's,Data Scientist,5,104648
28,Female,Bachelor's,Associate,1,55480
54,Female,High School,Civil Engineer,12,83615
34,Male,Bachelor's,Associate,0,52570
65,Male,Master's,Senior Data Scientist,17,230730
23,Female,Bachelor's,Customer Support Specialist,0,39271
50,Male,High School,Intern,1,31281
39,Male,PhD,Intern,1,47281
34,Male,PhD,UX Designer,4,119888
57,Male,Bachelor's,Research Scientist,31,138026
64,Female,PhD,Lawyer,11,189845
46,Female,PhD,Associate,3,75041
56,Female,Master's,Cloud Architect,30,225908
55,Female,PhD,Mechanical Engineer,11,138520
45,Female,High School,Professor,26,89227
64,Female,Master's,Professor,22,139388
34,Female,Bachelor's,Data Analyst,8,82790
32,Male,Master's,UX Designer,7,110873
23,Female,Bachelor's,Associate,0,48232
65,Female,Master's,Vice President,38,296288
47,Male,Master's,Professor,11,107746
56,Female,PhD,Senior Software Engineer,15,260663
36,Female,Bachelor's,Network Engineer,9,107453
42,Male,PhD,Architect,10,143702
21,Male,Bachelor's,Associate,0,56875
52,Male,Master's,Product Manager,24,184351
49,Male,PhD,Chief Technology Officer,21,359528
36,Female,Master's,Professor,12,127168
25,Female,High School,Junior Developer,1,49375
30,Female,Master's,Business Analyst,2,88096
64,Male,Master's,Chief Executive Officer,23,328510
28,Male,PhD,IT Support Specialist,0,67481
47,Female,Master's,Civil Engineer,9,101828
57,Male,Master's,Accountant,3,79077
62,Male,PhD,Senior Software Engineer,10,234336
39,Female,Master's,Product Manager,13,173484
45,Male,High School,Operations Manager,25,123736
31,Male,PhD,Junior Developer,1,64012
44,Female,Master's,HR Manager,9,93106
48,Male,High School,Electrical Engineer,6,67117
62,Female,Master's,Statistician,13,125496
65,Male,Master's,Economist,30,136524
21,Male,Bachelor's,Intern,0,37677
64,Male,High School,Chief Technology Officer,39,286548
41,Male,Bachelor's,Database Administrator,15,101668
25,Female,Master's,IT Support Specialist,0,46450
43,Male,Master's,Associate,4,76670
43,Female,Master's,Civil Engineer,8,89306
33,Male,Master's,Associate,3,72734
42,Male,PhD,Analyst,1,83077
41,Female,Master's,Cloud Architect,17,225461
40,Male,Bachelor's,Consultant,7,105127
58,Female,High School,Lawyer,25,135209
55,Female,Master's,Data Analyst,2,80505
57,Female,Bachelor's,Database Administrator,13,112676
45,Male,Master's,Economist,10,121314
57,Male,Bachelor's,Cloud Architect,33,220206
38,Female,PhD,Analyst,4,94135
29,Female,Bachelor's,Customer Support Specialist,4,38851
62,Female,Bachelor's,Consultant,25,146260
38,Male,Bachelor's,Machine Learning Engineer,16,151776
26,Female,Bachelor's,Teacher,4,56155
32,Female,High School,Network Engineer,8,82408
24,Male,Master's,Junior Developer,0,71953
43,Female,Master's,Intern,0,33897
21,Female,Bachelor's,Intern,0,35611
33,Male,Bachelor's,Mechanical Engineer,9,90253
44,Male,PhD,Cloud Architect,11,212619
27,Female,Bachelor's,Analyst,3,56924
65,Female,Bachelor's,Software Engineer,11,90347
58,Female,Master's,Data Scientist,14,157229
22,Female,Bachelor's,Junior Developer,0,52172
58,Male,Bachelor's,Chief Technology Officer,25,267069
25,Female,PhD,Associate,0,78633
22,Female,PhD,Customer Support Specialist,0,48638
53,Male,Bachelor's,Software Engineer,3,97036
52,Female,Master's,Vice President,17,228277
30,Female,Master's,UX Designer,4,107961
40,Female,Bachelor's,Accountant,4,57251
27,Male,Bachelor's,Accountant,2,71882
59,Female,Bachelor's,Economist,37,162349
38,Female,High School,Lawyer,15,138551
29,Male,High School,Database Administrator,11,96849
63,Female,Bachelor's,Financial Analyst,3,73120
60,Female,PhD,Data Scientist,6,113739
48,Female,PhD,Data Analyst,5,95062
63,Male,Master's,Database Administrator,6,119685
65,Female,PhD,Security Engineer,27,188104
59,Female,Master's,Junior Developer,2,63936
43,Male,Bachelor's,Database Administrator,5,97740
41,Female,Master's,Data Analyst,8,89266
24,Male,Bachelor's,Customer Support Specialist,1,40410
47,Female,PhD,Senior Software Engineer,12,216782
28,Female,Bachelor's,Customer Support Specialist,3,40563
28,Male,PhD,IT Support Specialist,0,59635
21,Female,Bachelor's,IT Support Specialist,0,42543
52,Female,Bachelor's,Economist,28,135555
41,Male,PhD,IT Support Specialist,2,58641
23,Female,High School,Healthcare Specialist,3,49645
50,Female,PhD,Sales Manager,13,145051
57,Male,Bachelor's,Research Scientist,10,129229
23,Male,Bachelor's,Associate,0,49054
32,Female,Master's,Financial Analyst,2,82095
43,Male,Master's,Economist,19,124537
59,Male,PhD,Senior Data Scientist,24,264380
25,Male,Master's,Associate,1,60278
32,Female,Master's,HR Manager,5,82972
22,Female,High School,Healthcare Specialist,4,65330
31,Male,Master's,UX Designer,3,100455
65,Female,PhD,Operations Manager,19,144684
29,Female,Master's,Junior Developer,3,61168
27,Female,High School,Analyst,0,50053
26,Male,Bachelor's,Software Engineer,2,93138
33,Female,Bachelor's,Software Engineer,6,110541
22,Female,High School,Teacher,2,43438
49,Female,Master's,Professor,18,127630
46,Female,Master's,Database Administrator,22,145490
45,Female,Master's,Economist,12,123233
40,Female,Bachelor's,Intern,0,33380
26,Male,Master's,Junior Developer,1,60788
39,Male,Master's,Customer Support Specialist,1,49310
39,Male,Master's,Electrical Engineer,13,131841
52,Female,Bachelor's,Director of Engineering,23,235584
57,Male,Bachelor's,Electrical Engineer,13,118004
24,Female,Bachelor's,Customer Support Specialist,1,41481
25,Male,Master's,Analyst,0,66681
33,Female,PhD,Junior Developer,0,69880
23,Male,High School,Data Analyst,2,58767
24,Male,Master's,IT Support Specialist,0,44329
63,Male,Bachelor's,Associate,1,52268
45,Male,Bachelor's,Senior Software Engineer,17,165974
35,Female,Master's,Healthcare Specialist,4,78333
65,Female,Bachelor's,Vice President,31,203420
37,Female,Master's,Graphic Designer,2,55991
39,Male,PhD,Analyst,1,90883
36,Female,PhD,Intern,0,48741
28,Female,Master's,Accountant,4,76911
24,Female,Bachelor's,Associate,2,65301
42,Male,Bachelor's,IT Support Specialist,1,43997
54,Female,Bachelor's,Customer Support Specialist,3,42993
47,Male,Bachelor's,Professor,10,132887
46,Female,PhD,Director of Engineering,17,275406
40,Male,Bachelor's,Database Administrator,6,84414
54,Male,Bachelor's,Cloud Architect,23,200847
47,Female,Bachelor's,Senior Software Engineer,12,158550
28,Male,Master's,UX Designer,2,107221
35,Female,Bachelor's,Lawyer,10,160015
27,Male,Master's,Financial Analyst,2,86723
54,Male,Master's,HR Manager,6,87053
55,Female,Master's,Product Manager,23,190239
23,Female,Bachelor's,Analyst,0,49765
55,Female,PhD,Consultant,16,170850
26,Male,High School,Intern,0,30445
32,Male,Master's,Software Engineer,4,108920
36,Male,Bachelor's,UX Designer,3,93369
42,Male,Bachelor's,Product Manager,16,154102
62,Male,Master's,Accountant,3,87344
37,Male,Bachelor's,Technical Writer,12,72982
35,Male,Bachelor's,Accountant,7,75798
53,Male,Bachelor's,Consultant,11,118711
51,Male,Master's,Marketing Manager,5,91871
21,Female,High School,Intern,1,29000
29,Female,Master's,Healthcare Specialist,2,79883
44,Female,Master's,Security Engineer,7,132441
23,Male,High School,Intern,1,33214
35,Male,PhD,Statistician,6,125198
23,Female,Bachelor's,IT Support Specialist,0,44819
24,Female,High School,IT Support Specialist,4,40624
37,Male,Bachelor's,Machine Learning Engineer,11,149162
35,Female,Bachelor's,Software Engineer,13,125444
23,Male,Master's,Intern,0,37968
51,Male,High School,Intern,0,31029
58,Male,High School,Customer Support Specialist,0,33993
35,Male,Bachelor's,IT Support Specialist,4,45575
44,Male,Master's,Civil Engineer,13,107879
37,Male,Master's,Electrical Engineer,12,129735
36,Male,Master's,Data Scientist,7,148940
31,Female,Bachelor's,Marketing Manager,8,84074
29,Female,Master's,Software Engineer,4,101805
59,Male,High School,DevOps Engineer,14,119501
65,Male,Bachelor's,Product Manager,43,178683
35,Female,Master's,Customer Support Specialist,4,50032
22,Female,Bachelor's,Analyst,0,54714
50,Male,Bachelor's,Associate,0,59760
60,Male,PhD,Mechanical Engineer,11,114179
50,Male,Bachelor's,Business Analyst,2,71968
60,Male,Bachelor's,Consultant,20,136663
48,Female,Master's,Junior Developer,1,55776
36,Female,Bachelor's,Customer Support Specialist,0,35746
43,Female,PhD,Product Manager,14,178053
62,Female,Master's,Machine Learning Engineer,20,179946
32,Male,Bachelor's,Financial Analyst,5,90690
63,Male,Master's,Operations Manager,28,164473
32,Female,Master's,Biomedical Engineer,8,107961
31,Female,PhD,IT Support Specialist,3,58009
61,Female,Master's,Director of Engineering,29,259252
35,Female,Master's,HR Manager,6,87195
40,Female,PhD,Architect,5,131181
33,Female,PhD,Sales Manager,5,109886
29,Male,PhD,Junior Developer,0,69830
42,Male,Master's,Economist,16,153808
24,Male,Master's,Customer Support Specialist,0,48590
62,Male,PhD,Consultant,32,161777
43,Male,Master's,Product Manager,9,148103
56,Female,Master's,Vice President,16,249635
43,Female,Master's,Associate,2,66579
31,Female,Bachelor's,Teacher,2,56079
43,Female,PhD,Senior Software Engineer,10,201857
50,Male,Bachelor's,Senior Data Scientist,19,213776
55,Female,Bachelor's,Vice President,21,209217
46,Male,Master's,DevOps Engineer,6,139723
41,Male,Master's,Cloud Architect,13,250369
60,Male,High School,Economist,28,110873
58,Female,PhD,Chief Executive Officer,22,300632
53,Male,Master's,Economist,12,119662
28,Female,Bachelor's,HR Manager,5,78480
60,Male,Bachelor's,Analyst,0,65979
65,Male,PhD,Senior Data Scientist,26,293204
37,Female,Bachelor's,UX Designer,6,88389
36,Female,Master's,Statistician,10,106975
28,Male,Master's,Customer Support Specialist,1,47256
21,Male,Bachelor's,Junior Developer,0,56287
27,Female,Master's,Associate,1,63438
24,Male,Master's,Customer Support Specialist,0,43361
42,Male,PhD,Network Engineer,8,124555
22,Female,Bachelor's,Customer Support Specialist,0,33781
36,Male,PhD,Business Analyst,3,105156
45,Female,PhD,DevOps Engineer,9,159946
53,Male,High School,Product Manager,27,137790
43,Male,Bachelor's,Lawyer,20,160194
36,Male,Master's,Statistician,11,119296
32,Female,Master's,Consultant,8,114753
52,Female,Master's,Operations Manager,20,139989
21,Male,Master's,Intern,0,42677
26,Female,Master's,IT Support Specialist,0,52639
59,Male,Master's,Operations Manager,29,159500
61,Female,Bachelor's,Chief Technology Officer,35,285706
27,Female,Master's,Healthcare Specialist,2,88090
56,Female,Master's,Vice President,15,236558
30,Male,PhD,Intern,1,39776
54,Female,Bachelor's,Vice President,28,259337
65,Female,Bachelor's,Product Manager,8,127564
59,Female,Bachelor's,Product Manager,20,145037
60,Male,PhD,Economist,30,186603
23,Male,Bachelor's,Customer Support Specialist,1,43095
40,Male,PhD,Systems Administrator,7,110345
55,Female,Bachelor's,Consultant,9,105386
59,Male,Master's,Database Administrator,29,168245
37,Male,High School,Chief Financial Officer,16,197823
22,Male,Bachelor's,Associate,0,51644
48,Female,PhD,Project Manager,11,142050
25,Female,Bachelor's,Intern,1,32424
30,Male,Bachelor's,Customer Support Specialist,1,41843
48,Male,Master's,Consultant,24,175148
33,Female,Master's,Customer Support Specialist,2,46624
31,Female,Bachelor's,Software Engineer,5,100815
50,Female,Master's,Cloud Architect,22,248808
40,Female,PhD,Security Engineer,5,150395
46,Female,Bachelor's,IT Support Specialist,1,53676
44,Male,Bachelor's,Consultant,9,123464
26,Female,Master's,Associate,1,55026
41,Male,Master's,Security Engineer,5,133423
64,Female,Bachelor's,Senior Software Engineer,27,201868
22,Male,PhD,Intern,0,38790
45,Female,High School,Machine Learning Engineer,19,145051
31,Male,Master's,Analyst,0,68264
31,Male,Master's,DevOps Engineer,7,137380
64,Female,Bachelor's,DevOps Engineer,10,140912
39,Female,Bachelor's,DevOps Engineer,13,116788
39,Male,Master's,Technical Writer,10,80927
47,Male,PhD,Statistician,12,121205
61,Female,PhD,Security Engineer,15,207139
56,Male,Master's,Database Administrator,22,150354
34,Female,PhD,Accountant,2,76045
56,Female,High School,Chief Financial Officer,33,231750
25,Male,Bachelor's,Junior Developer,2,51546
47,Female,Bachelor's,Biomedical Engineer,5,92502
25,Female,Bachelor's,Junior Developer,1,53441
42,Female,PhD,Statistician,13,161462
57,Female,PhD,Research Scientist,20,152755
62,Female,High School,Vice President,26,214663
49,Male,Bachelor's,Chief Financial Officer,27,250997
38,Male,High School,UX Designer,4,66197
64,Female,Bachelor's,Consultant,35,144614
42,Male,Master's,Cloud Architect,18,208434
54,Female,Bachelor's,Security Engineer,31,187446
36,Male,Master's,Data Analyst,8,95021
21,Male,Bachelor's,IT Support Specialist,0,47131
30,Female,Master's,Civil Engineer,5,94018
63,Female,High School,Analyst,2,57931
50,Female,PhD,Research Scientist,12,135951
50,Male,Bachelor's,Vice President,23,235096
57,Male,Master's,Senior Data Scientist,33,262855
45,Male,PhD,Architect,8,139710
21,Male,Master's,IT Support Specialist,0,47434
64,Male,Bachelor's,Vice President,27,255785
34,Male,Bachelor's,Electrical Engineer,12,105153
38,Male,PhD,Mechanical Engineer,8,124776
29,Male,High School,Accountant,7,68901
21,Female,High School,Analyst,1,42345
23,Male,Bachelor's,Junior Developer,1,55110
51,Female,Master's,Software Engineer,4,89311
49,Male,Bachelor's,Systems Administrator,6,82465
40,Female,Master's,Security Engineer,12,167087
37,Female,Master's,Accountant,9,82495
34,Female,Master's,Accountant,4,67941
45,Male,Bachelor's,Professor,23,137140
56,Female,Master's,Civil Engineer,9,96883
36,Male,PhD,Data Analyst,2,100388
33,Male,Master's,Statistician,5,98810
42,Female,Bachelor's,Economist,17,127891
61,Female,PhD,Research Scientist,25,159003
50,Female,Bachelor's,Customer Support Specialist,1,45194
50,Male,Master's,Architect,14,127577
40,Female,Master's,Product Manager,12,179059
22,Female,Master's,IT Support Specialist,0,51675
22,Male,Master's,Intern,0,30326
41,Female,Master's,Associate,0,65421
48,Male,Bachelor's,Cloud Architect,11,168576
39,Female,Bachelor's,Analyst,0,58874
22,Female,High School,Junior Developer,3,35290
27,Female,High School,Financial Analyst,3,62104
40,Female,PhD,Sales Manager,8,139533
48,Female,Bachelor's,Operations Manager,25,129690
42,Female,Master's,Product Manager,15,174274
46,Male,Master's,Biomedical Engineer,6,115136
24,Female,Bachelor's,Analyst,0,57050
37,Female,Master's,Software Engineer,3,92785
62,Male,Master's,Security Engineer,17,185785
38,Male,PhD,Network Engineer,6,102508
64,Female,Master's,Consultant,18,127089
39,Female,Master's,Associate,2,61959
26,Female,High School,Customer Support Specialist,3,34580
36,Female,Master's,Accountant,5,80415
33,Female,PhD,Associate,2,60956
62,Male,Master's,Mechanical Engineer,13,105598
49,Male,Master's,Software Engineer,10,139771
44,Female,Bachelor's,DevOps Engineer,6,116779
59,Female,PhD,Customer Support Specialist,1,57480
32,Male,High School,Sales Manager,11,87911
54,Female,PhD,Senior Data Scientist,17,258570
60,Male,PhD,Database Administrator,10,140979
28,Female,PhD,Analyst,0,68345
52,Female,Master's,Database Administrator,7,103893
38,Male,High School,Security Engineer,20,128435
32,Female,Bachelor's,Intern,0,35034
61,Female,High School,Junior Developer,3,57281
43,Female,Bachelor's,Research Scientist,15,128522
31,Male,PhD,UX Designer,3,115321
23,Female,Bachelor's,Customer Support Specialist,0,36906
30,Female,Master's,Associate,4,67886
61,Female,Master's,Database Administrator,35,141480
43,Female,Master's,Financial Analyst,3,89697
62,Male,PhD,Research Scientist,26,175571
52,Female,Bachelor's,Business Analyst,3,78981
65,Male,Bachelor's,Professor,10,90109
49,Female,Bachelor's,Electrical Engineer,8,100271
56,Female,Master's,UX Designer,6,112839
52,Female,Bachelor's,Project Manager,9,102513
29,Female,Bachelor's,HR Manager,7,86656
62,Male,Master's,Lawyer,29,253104
55,Female,High School,Product Manager,20,111503
44,Male,Master's,Senior Software Engineer,10,191520
43,Male,Bachelor's,Machine Learning Engineer,21,177787
52,Male,Bachelor's,Accountant,4,62249
60,Male,PhD,Director of Engineering,25,321842
65,Male,PhD,Director of Engineering,20,328480
59,Female,Master's,Project Manager,14,136779
62,Female,Master's,DevOps Engineer,14,156611
30,Female,Master's,Healthcare Specialist,4,69493
25,Male,Bachelor's,Associate,3,64539
26,Male,Bachelor's,Data Analyst,2,57152
34,Female,Bachelor's,Accountant,3,67158
61,Female,Bachelor's,Analyst,2,62011
50,Male,Bachelor's,Senior Data Scientist,22,210876
25,Male,Bachelor's,Customer Support Specialist,1,38531
60,Female,High School,Product Manager,7,106814
33,Male,Bachelor's,Data Analyst,3,66699
64,Male,PhD,Machine Learning Engineer,28,217556
58,Male,PhD,Chief Executive Officer,25,373271
22,Male,Bachelor's,Intern,0,31656
59,Male,Master's,Chief Executive Officer,20,328619
33,Male,PhD,Analyst,1,80722
63,Male,Bachelor's,Marketing Manager,6,92333
64,Female,PhD,Operations Manager,25,155483
51,Female,Master's,Professor,12,133339
62,Female,Master's,Database Administrator,11,128727
58,Male,PhD,Chief Executive Officer,17,322882
33,Female,PhD,Software Engineer,3,117703
34,Female,Master's,Analyst,0,66568
54,Male,Bachelor's,Machine Learning Engineer,28,158046
25,Male,Bachelor's,Junior Developer,0,48558
31,Male,High School,Professor,10,104098
63,Female,Bachelor's,Senior Data Scientist,16,208257
54,Male,Master's,Consultant,26,170417
41,Male,PhD,Mechanical Engineer,10,112776
63,Male,Master's,Chief Financial Officer,18,256746
56,Male,Master's,Chief Technology Officer,23,317178
58,Male,Master's,Security Engineer,25,177551
26,Male,PhD,Customer Support Specialist,0,37487
23,Male,Bachelor's,Analyst,1,65637
32,Female,Master's,Database Administrator,7,109036
59,Female,Bachelor's,Financial Analyst,3,82267
57,Female,Master's,Economist,18,141748
27,Female,Master's,Software Engineer,3,104215
27,Male,PhD,Associate,0,62972
24,Male,Master's,Intern,0,38981
31,Male,Bachelor's,Project Manager,7,105854
65,Male,Bachelor's,Economist,26,147951
24,Female,Bachelor's,Business Analyst,2,64055
30,Female,Master's,Intern,1,44000
48,Male,Master's,Product Manager,12,166574
35,Female,Bachelor's,Marketing Manager,5,70006
54,Male,Master's,Statistician,5,97247
40,Male,Bachelor's,Data Scientist,13,128654
32,Male,Bachelor's,Architect,5,93460
32,Female,Bachelor's,Consultant,5,102182
35,Female,Bachelor's,Cloud Architect,11,163113
62,Female,Bachelor's,Research Scientist,24,131684
40,Male,Bachelor's,Associate,2,64210
23,Male,Bachelor's,Analyst,1,63815
61,Male,Bachelor's,Operations Manager,30,144832
30,Female,Bachelor's,Analyst,1,64533
40,Female,Master's,Systems Administrator,7,111641
32,Male,Master's,Consultant,6,122452
28,Male,Master's,IT Support Specialist,1,55486
21,Female,Bachelor's,IT Support Specialist,0,34829
30,Female,Bachelor's,IT Support Specialist,2,57682
26,Female,Bachelor's,Healthcare Specialist,4,68267
61,Female,Bachelor's,Sales Manager,11,88653
54,Male,Bachelor's,Database Administrator,20,135357
40,Female,Master's,Software Engineer,4,106206
63,Female,Master's,Financial Analyst,2,84012
57,Female,Bachelor's,IT Support Specialist,1,43943
57,Female,High School,Professor,30,100918
57,Female,Master's,Senior Data Scientist,20,248388
23,Female,Master's,Associate,0,59186
40,Male,PhD,Customer Support Specialist,3,60308
34,Male,Bachelor's,Junior Developer,0,47219
60,Female,Master's,Security Engineer,8,140320
36,Male,PhD,Financial Analyst,2,102846
35,Male,Master's,Intern,1,49320
41,Male,High School,Research Scientist,20,111832
33,Female,PhD,Associate,1,82134
30,Female,PhD,IT Support Specialist,2,55477
45,Male,Master's,Security Engineer,16,163751
25,Female,Bachelor's,Financial Analyst,2,75039
45,Male,Master's,Consultant,20,137796
53,Male,Master's,Software Engineer,10,126233
61,Female,Bachelor's,Vice President,20,208371
64,Male,High School,Lawyer,40,188919
55,Male,Master's,Accountant,3,77437
59,Male,Master's,Operations Manager,34,176548
35,Female,Master's,Electrical Engineer,9,134033
64,Female,Bachelor's,Senior Software Engineer,31,193749
26,Female,PhD,Analyst,0,71420
57,Male,Master's,Statistician,12,127839
41,Female,PhD,Mechanical Engineer,12,142791
46,Female,Master's,Machine Learning Engineer,17,189949
64,Female,High School,Database Administrator,36,128777
32,Female,Bachelor's,UX Designer,2,88871
36,Female,Master's,Healthcare Specialist,2,62773
22,Male,Bachelor's,Associate,0,57615
65,Male,PhD,Economist,37,196740
29,Male,Bachelor's,Marketing Manager,5,71193
45,Male,Master's,Security Engineer,7,145094
61,Female,High School,Research Scientist,15,90984
41,Male,Master's,Cloud Architect,10,173959
37,Female,Master's,Network Engineer,9,96222
29,Male,Bachelor's,UX Designer,2,83921
38,Male,PhD,Product Manager,5,153221
62,Male,Bachelor's,Senior Data Scientist,40,219189
62,Male,Bachelor's,Business Analyst,2,79070
34,Female,PhD,Business Analyst,3,90258
23,Female,Bachelor's,Intern,1,35080
48,Female,PhD,Product Manager,10,170346
38,Male,Bachelor's,Security Engineer,11,167956
29,Female,Master's,IT Support Specialist,0,50691
54,Female,PhD,Professor,16,144486
38,Male,Master's,DevOps Engineer,7,148475
42,Male,Master's,HR Manager,9,95371
24,Female,Bachelor's,IT Support Specialist,0,39382
54,Male,PhD,Operations Manager,20,171924
50,Male,Master's,Project Manager,13,127036
53,Male,PhD,Vice President,24,309015
54,Male,Bachelor's,DevOps Engineer,11,143667
55,Male,Bachelor's,Financial Analyst,2,84845
49,Female,Master's,Architect,7,97114
49,Male,Master's,Director of Engineering,20,266053
37,Female,PhD,Teacher,4,71955
42,Female,Bachelor's,IT Support Specialist,4,53449
25,Female,PhD,Junior Developer,0,74507
46,Female,Master's,Operations Manager,21,165189
56,Female,Bachelor's,Senior Software Engineer,15,145249
31,Female,Bachelor's,Customer Support Specialist,0,32185
55,Male,PhD,Professor,23,167999
33,Male,Bachelor's,Business Analyst,2,66164
44,Male,Master's,Technical Writer,13,83378
53,Male,Bachelor's,Security Engineer,14,138078
64,Female,Master's,Mechanical Engineer,12,114096
37,Male,Bachelor's,HR Manager,7,75656
45,Male,Master's,Product Manager,17,153897
52,Male,Master's,Machine Learning Engineer,14,165039
49,Male,Bachelor's,Analyst,2,69741
22,Female,Master's,Analyst,0,65875
50,Female,Master's,Teacher,4,58589
50,Male,Bachelor's,Economist,24,135241
65,Female,Bachelor's,Security Engineer,23,152410
22,Male,Bachelor's,Junior Developer,0,48723
30,Female,PhD,Analyst,1,76280
52,Female,Master's,Software Engineer,5,111400
46,Male,Master's,Chief Executive Officer,22,314261
24,Female,High School,Analyst,3,57251
52,Female,Master's,Customer Support Specialist,0,47678
24,Male,Bachelor's,Associate,0,59676
61,Female,Bachelor's,Machine Learning Engineer,32,146001
25,Male,PhD,Junior Developer,0,64798
38,Female,Master's,Marketing Manager,5,94521
44,Female,Bachelor's,HR Manager,8,86731
39,Female,Bachelor's,Civil Engineer,14,90215
48,Female,Master's,Database Administrator,10,106367
54,Male,Master's,Cloud Architect,25,239559
54,Female,Bachelor's,Security Engineer,32,170444
61,Female,PhD,Product Manager,18,205959
59,Male,Master's,Security Engineer,31,237538
45,Female,Bachelor's,Director of Engineering,17,233190
40,Female,PhD,Associate,1,66400
60,Female,Bachelor's,Economist,28,131125
58,Male,Master's,Sales Manager,12,125291
41,Female,Master's,Economist,14,139782
31,Male,Bachelor's,Systems Administrator,6,72521
25,Male,High School,Customer Support Specialist,0,29229
60,Male,Master's,Statistician,10,99589
41,Female,Master's,Security Engineer,9,160912
45,Female,Master's,Vice President,17,244755
30,Male,Bachelor's,Product Manager,7,121421
40,Male,Master's,Junior Developer,4,77422
26,Male,Bachelor's,Analyst,3,67197
25,Female,Bachelor's,Healthcare Specialist,2,68018
61,Male,Master's,Chief Financial Officer,27,317891
24,Male,Bachelor's,Junior Developer,0,53646
41,Male,PhD,Architect,11,159029
40,Male,Bachelor's,Senior Software Engineer,16,169537
65,Male,Master's,Chief Technology Officer,26,302051
64,Male,PhD,Cloud Architect,29,282347
32,Male,Bachelor's,Software Engineer,2,86677
32,Male,Bachelor's,Systems Administrator,5,78670
57,Male,Master's,Cloud Architect,28,250873
38,Male,Master's,Senior Software Engineer,13,215103
34,Male,PhD,IT Support Specialist,1,61436
34,Male,PhD,Junior Developer,1,72504
36,Male,Master's,Architect,10,120650
52,Male,Bachelor's,Product Manager,21,171099
57,Female,Master's,Cloud Architect,29,226320
52,Male,Bachelor's,Product Manager,6,122804
26,Female,Master's,Associate,0,64741
65,Female,PhD,Senior Data Scientist,26,260942
30,Male,PhD,Graphic Designer,2,72074
22,Male,Bachelor's,Junior Developer,0,59850
41,Female,Master's,Software Engineer,13,132364
31,Male,Master's,Analyst,1,78422
35,Male,Master's,Marketing Manager,5,92040
41,Female,High School,Statistician,5,83268
31,Female,Master's,Customer Support Specialist,0,48818
45,Female,Master's,Machine Learning Engineer,15,158446
42,Male,Bachelor's,Statistician,10,110108
38,Male,Master's,Data Scientist,8,155690
26,Male,Bachelor's,Analyst,3,70345
45,Female,Bachelor's,Chief Technology Officer,16,255310
54,Female,High School,Database Administrator,33,136101
56,Male,Bachelor's,Lawyer,22,161374
63,Female,Master's,Economist,23,140782
27,Male,Master's,Analyst,2,78553
39,Male,PhD,DevOps Engineer,9,169506
49,Female,High School,Consultant,18,117417
60,Male,Bachelor's,Database Administrator,7,101229
25,Female,PhD,Intern,0,47582
34,Male,Bachelor's,Sales Manager,10,100895
56,Female,High School,Professor,19,97769
24,Female,Bachelor's,Junior Developer,2,54469
38,Female,Master's,Financial Analyst,7,97801
46,Female,Bachelor's,Data Analyst,4,59838
47,Male,Bachelor's,Database Administrator,9,88595
48,Female,Master's,DevOps Engineer,11,137008
26,Male,Master's,Analyst,0,55617
55,Female,Master's,Financial Analyst,6,95138
49,Male,High School,Database Administrator,18,91786
64,Male,Master's,Chief Financial Officer,32,337524
58,Male,Bachelor's,Senior Software Engineer,22,168634
23,Female,Bachelor's,Associate,1,51422
50,Male,PhD,Mechanical Engineer,13,138049
43,Male,Master's,Business Analyst,2,92103
42,Female,Master's,Product Manager,10,116119
26,Male,Master's,Associate,1,65174
56,Female,Master's,Machine Learning Engineer,23,206200
36,Male,Bachelor's,IT Support Specialist,4,49699
58,Male,Bachelor's,Professor,19,123738
41,Female,PhD,Data Analyst,9,94786
56,Male,Master's,Data Analyst,4,78015
25,Male,Master's,Intern,0,41496
57,Male,Bachelor's,Professor,19,129520
40,Male,High School,Marketing Manager,14,84606
64,Female,Master's,Chief Financial Officer,38,280520
23,Male,PhD,Associate,0,63687
32,Male,Bachelor's,DevOps Engineer,9,117776
21,Male,Bachelor's,Customer Support Specialist,0,33830
60,Female,Master's,Chief Executive Officer,35,334615
65,Female,High School,Senior Data Scientist,19,171101
31,Female,Bachelor's,Intern,0,36196
22,Male,Bachelor's,IT Support Specialist,0,50036
53,Male,Bachelor's,Database Administrator,25,116173
27,Male,High School,HR Manager,5,65632
60,Male,Bachelor's,Associate,4,61969
46,Female,PhD,Product Manager,8,173988
51,Male,Bachelor's,Mechanical Engineer,7,100484
23,Male,Bachelor's,Customer Support Specialist,1,41495
44,Female,Master's,Analyst,4,74073
34,Male,Master's,Security Engineer,10,141654
55,Female,Bachelor's,Analyst,0,56451
57,Female,Master's,Database Administrator,7,97562
48,Female,Bachelor's,Security Engineer,9,123556
29,Male,PhD,Analyst,0,70514
41,Female,Bachelor's,Marketing Manager,6,78183
27,Male,Bachelor's,Junior Developer,3,54247
21,Male,Bachelor's,Analyst,0,59228
52,Female,Bachelor's,Data Scientist,11,119856
29,Female,Master's,IT Support Specialist,1,52068
33,Female,Master's,Financial Analyst,4,104098
49,Female,Bachelor's,Biomedical Engineer,8,99773
42,Female,Bachelor's,Director of Engineering,20,188127
35,Female,Bachelor's,Graphic Designer,4,55072
49,Male,Bachelor's,UX Designer,5,89147
39,Female,Bachelor's,Customer Support Specialist,0,37371
34,Female,Bachelor's,Consultant,8,99915
58,Male,Bachelor's,Chief Financial Officer,15,198275
35,Male,Master's,Product Manager,6,119619
23,Male,Bachelor's,Junior Developer,0,56352
62,Female,High School,IT Support Specialist,0,41047
44,Male,Bachelor's,Lawyer,22,197535
26,Female,Master's,Junior Developer,0,57646
54,Female,Bachelor's,Director of Engineering,30,245286
49,Female,PhD,Cloud Architect,21,264927
34,Male,Bachelor's,Technical Writer,11,78743
65,Male,Bachelor's,Senior Software Engineer,18,169681
42,Female,Bachelor's,Product Manager,16,132057
49,Female,High School,Architect,13,87938
41,Female,Bachelor's,Junior Developer,1,53350
43,Male,Master's,Vice President,15,215164
36,Male,Bachelor's,Electrical Engineer,14,124830
48,Female,Master's,Research Scientist,20,157779
29,Male,PhD,Junior Developer,1,80875
40,Male,Bachelor's,Senior Software Engineer,16,178978
37,Male,Bachelor's,Civil Engineer,8,88725
24,Female,Bachelor's,Customer Support Specialist,0,41690
53,Male,High School,Chief Executive Officer,34,219635
41,Male,Master's,Chief Technology Officer,15,301965
25,Female,PhD,Analyst,0,65197
54,Female,PhD,Customer Support Specialist,0,49113
61,Female,Bachelor's,Consultant,34,139736
31,Male,PhD,IT Support Specialist,1,60862
35,Male,PhD,Security Engineer,6,164926
64,Female,High School,Research Scientist,24,116931
54,Male,Bachelor's,Director of Engineering,32,252373
63,Male,PhD,Cloud Architect,30,273563
24,Male,High School,DevOps Engineer,6,100383
62,Female,PhD,Research Scientist,13,122329
42,Female,Master's,Sales Manager,5,110874
21,Male,Bachelor's,IT Support Specialist,0,47678
45,Male,Master's,Customer Support Specialist,1,49295
62,Female,PhD,Cloud Architect,26,266571
65,Female,Bachelor's,Chief Technology Officer,31,233505
60,Female,Master's,Junior Developer,3,53745
52,Female,Master's,Chief Executive Officer,22,338330
32,Female,Master's,Electrical Engineer,8,111523
58,Female,PhD,Professor,29,172235
22,Male,Bachelor's,Associate,0,61209
23,Male,Bachelor's,Intern,0,35780
45,Female,PhD,Accountant,4,76327
65,Male,Master's,Lawyer,38,267913
55,Female,PhD,Research Scientist,21,150382
40,Female,PhD,DevOps Engineer,9,162905
62,Male,Bachelor's,Biomedical Engineer,8,88545
60,Male,Bachelor's,Professor,35,131524
53,Male,PhD,Director of Engineering,24,288975
45,Male,Bachelor's,Product Manager,22,150115
49,Male,Master's,Project Manager,5,119975
62,Female,Bachelor's,Database Administrator,22,128934
59,Male,High School,Chief Technology Officer,27,217561
52,Female,Master's,Research Scientist,18,145840
24,Female,Bachelor's,IT Support Specialist,0,40097
32,Female,PhD,Customer Support Specialist,0,53580
44,Female,Bachelor's,Associate,1,57261
56,Female,PhD,Project Manager,12,127798
22,Male,Bachelor's,IT Support Specialist,0,43374
60,Female,Master's,Security Engineer,20,158377
40,Female,Master's,Software Engineer,4,122173
46,Female,PhD,Lawyer,15,181417
31,Female,PhD,Financial Analyst,2,91345
29,Male,PhD,Analyst,0,70229
54,Female,Bachelor's,Chief Executive Officer,18,240559
48,Male,PhD,Research Scientist,11,161193
33,Male,PhD,Security Engineer,5,157714
51,Female,Bachelor's,Chief Financial Officer,28,268050
64,Male,PhD,IT Support Specialist,0,58518
45,Male,Master's,Database Administrator,8,132641
59,Female,Master's,Lawyer,12,162379
52,Female,Bachelor's,Architect,9,89953
38,Male,Bachelor's,Professor,14,105787
25,Female,Master's,Intern,0,40442
62,Female,Bachelor's,Sales Manager,12,117824
55,Male,Master's,Customer Support Specialist,2,50478
63,Male,PhD,Economist,24,171104
47,Female,Bachelor's,Project Manager,9,111026
26,Female,Bachelor's,Software Engineer,4,105586
64,Male,PhD,Chief Technology Officer,15,314403
53,Female,Bachelor's,Senior Software Engineer,29,216265
63,Female,Master's,Consultant,25,158508
48,Male,Master's,Consultant,19,153712
23,Female,High School,Financial Analyst,3,67622
24,Male,Master's,Customer Support Specialist,0,50272
43,Female,Master's,HR Manager,5,90779
44,Male,PhD,Business Analyst,3,94309
60,Male,Bachelor's,Economist,27,138597
57,Female,High School,Professor,26,111558
36,Male,Master's,DevOps Engineer,7,125399
58,Female,Master's,Software Engineer,10,109190
59,Male,PhD,Product Manager,27,220164
28,Male,Master's,Associate,0,63532
37,Male,High School,Operations Manager,16,108147
28,Female,PhD,Customer Support Specialist,0,49779
65,Female,Bachelor's,Project Manager,9,105769
32,Male,Bachelor's,Financial Analyst,2,88477
42,Male,Bachelor's,Senior Data Scientist,16,183567
32,Female,Bachelor's,Network Engineer,8,93577
54,Female,Master's,Professor,27,147862
47,Female,Bachelor's,Chief Technology Officer,15,231791
55,Female,Bachelor's,Economist,22,122273
56,Female,PhD,Director of Engineering,20,285923
51,Male,PhD,Software Engineer,2,131371
59,Male,Master's,Technical Writer,10,79363
48,Female,Master's,Operations Manager,20,140186
50,Male,Master's,Architect,8,103958
42,Female,Master's,Customer Support Specialist,1,49675
36,Male,Master's,Electrical Engineer,7,127544
37,Male,Master's,Sales Manager,10,119099
50,Male,Master's,Machine Learning Engineer,26,175787
43,Male,Master's,Electrical Engineer,8,131071
50,Female,PhD,Analyst,3,82468
24,Male,Bachelor's,Analyst,1,63231
52,Male,Master's,Operations Manager,13,130469
49,Male,Bachelor's,Operations Manager,25,144417
29,Female,Bachelor's,Analyst,0,58349
36,Male,Master's,Security Engineer,5,149927
38,Female,Bachelor's,Sales Manager,12,92903
23,Female,High School,HR Manager,5,65495
23,Male,High School,Architect,5,85432
22,Male,Bachelor's,Intern,0,36846
21,Female,Master's,Customer Support Specialist,0,51883
43,Male,Master's,Statistician,7,97511
21,Male,Bachelor's,IT Support Specialist,0,47774
60,Male,PhD,Junior Developer,4,75846
45,Male,Master's,DevOps Engineer,8,136181
59,Male,High School,Junior Developer,0,46910
34,Female,Bachelor's,Analyst,0,54618
23,Male,Bachelor's,Customer Support Specialist,1,43685
35,Male,Master's,Sales Manager,9,109714
32,Male,High School,Data Analyst,3,55974
25,Male,High School,Analyst,0,53297
27,Male,Bachelor's,Analyst,1,52845
42,Female,Master's,Senior Software Engineer,16,165715
33,Female,High School,Data Scientist,12,110153
37,Female,Master's,Software Engineer,5,108632
48,Male,Bachelor's,Marketing Manager,11,81164
65,Female,Master's,Economist,34,151235
64,Female,PhD,Cloud Architect,18,246905
50,Female,PhD,Mechanical Engineer,6,111075
55,Male,Master's,Intern,1,43408
45,Female,Bachelor's,Senior Data Scientist,15,187219
62,Male,Bachelor's,Vice President,39,259974
62,Male,Master's,Architect,12,127930
60,Male,PhD,Economist,17,134835
39,Female,Master's,Accountant,2,68425
28,Male,Master's,Customer Support Specialist,1,59379
45,Male,Bachelor's,Civil Engineer,14,106898
21,Male,High School,Customer Support Specialist,2,35132
22,Male,Master's,Customer Support Specialist,0,50492
23,Female,Master's,Associate,0,58254
33,Female,Master's,Analyst,2,70632
57,Male,Bachelor's,Security Engineer,35,167292
61,Female,PhD,Research Scientist,15,145650
57,Female,Master's,Operations Manager,13,118816
49,Male,Master's,Professor,17,154148
26,Male,Bachelor's,Teacher,4,62569
46,Female,Master's,Operations Manager,11,101133
56,Male,PhD,Economist,18,147559
39,Male,Master's,IT Support Specialist,2,53981
22,Male,Master's,Intern,0,43738
36,Female,Master's,Software Engineer,4,111669
28,Female,Bachelor's,Software Engineer,3,99288
25,Male,Master's,Analyst,0,64045
53,Female,Master's,Senior Data Scientist,19,231292
31,Female,High School,Database Administrator,9,84671
26,Male,Master's,IT Support Specialist,2,59279
24,Female,Bachelor's,Junior Developer,0,53011
53,Male,Master's,Product Manager,14,162394
23,Female,Bachelor's,Intern,0,35065
58,Female,Bachelor's,Chief Executive Officer,26,272904
65,Female,PhD,Customer Support Specialist,4,57462
52,Female,High School,Consultant,11,93663
64,Female,PhD,Chief Executive Officer,15,318080
24,Female,Bachelor's,Junior Developer,0,49232
65,Female,Master's,Security Engineer,28,182472
38,Male,Master's,Analyst,0,61079
33,Male,Bachelor's,Marketing Manager,7,89825
47,Male,PhD,Software Engineer,4,142885
53,Male,Master's,Machine Learning Engineer,29,184220
63,Female,Master's,Customer Support Specialist,0,51290
34,Female,Bachelor's,Systems Administrator,9,88360
64,Male,Bachelor's,Research Scientist,33,145836
54,Male,Bachelor's,Economist,30,131470
63,Female,Master's,UX Designer,2,95754
37,Female,Bachelor's,Mechanical Engineer,8,83662
41,Male,Bachelor's,Project Manager,12,122857
43,Male,Bachelor's,Professor,17,121158
39,Female,Bachelor's,Economist,16,127585
57,Female,Bachelor's,Cloud Architect,15,182953
28,Female,Bachelor's,Customer Support Specialist,3,43248
56,Male,Master's,Consultant,16,150150
47,Male,High School,Statistician,13,91019
54,Female,Bachelor's,Senior Data Scientist,17,178896
42,Female,Bachelor's,Systems Administrator,6,87514
44,Male,Bachelor's,Associate,1,57177
38,Female,Master's,Data Scientist,12,129165
27,Female,PhD,Associate,0,67955
62,Female,PhD,Product Manager,26,203671
31,Female,Bachelor's,Financial Analyst,8,90111
50,Male,Master's,Chief Executive Officer,21,272455
29,Male,Master's,Accountant,5,64818
21,Male,Bachelor's,Junior Developer,0,56861
51,Female,Bachelor's,IT Support Specialist,1,43861
25,Male,Master's,Intern,0,39549
47,Male,PhD,Customer Support Specialist,0,49109
30,Female,Bachelor's,Database Administrator,8,102142
46,Female,Master's,Business Analyst,3,80973
41,Male,PhD,Economist,11,151408
32,Female,Bachelor's,Consultant,10,98811
56,Male,PhD,Senior Data Scientist,21,279408
40,Male,Master's,Chief Financial Officer,16,286932
46,Female,Master's,Architect,7,104407
52,Female,PhD,Consultant,5,138883
63,Female,PhD,Operations Manager,17,152773
31,Female,PhD,Accountant,3,81415
33,Female,Bachelor's,Professor,11,96146
49,Female,Bachelor's,Statistician,6,99617
49,Male,Master's,Operations Manager,23,147279
33,Female,PhD,UX Designer,4,122819
39,Male,Bachelor's,Sales Manager,6,82640
25,Male,Master's,Junior Developer,1,68189
22,Male,High School,Customer Support Specialist,2,37686
40,Male,Master's,Architect,13,138875
46,Male,Bachelor's,Research Scientist,12,124845
47,Female,High School,Operations Manager,23,93659
46,Male,PhD,Associate,1,71335
42,Female,Bachelor's,Senior Software Engineer,10,159611
49,Male,Bachelor's,Mechanical Engineer,7,90808
52,Male,PhD,Consultant,12,146110
31,Male,Master's,Financial Analyst,4,98988
27,Male,Bachelor's,Analyst,0,60220
48,Male,PhD,Economist,15,144740
51,Male,Bachelor's,Senior Software Engineer,16,191920
39,Male,PhD,Marketing Manager,11,145586
35,Female,PhD,Teacher,3,62568
55,Male,PhD,Project Manager,5,137170
58,Male,Master's,Security Engineer,15,168387
24,Male,Bachelor's,IT Support Specialist,2,49360
30,Female,Bachelor's,Teacher,2,58117
25,Male,PhD,Junior Developer,0,77658
64,Female,Bachelor's,HR Manager,7,87660
33,Female,Master's,Network Engineer,8,101505
54,Male,Master's,Consultant,27,163315
56,Female,High School,Statistician,12,89190
39,Female,Master's,Software Engineer,14,133580
53,Male,PhD,Economist,23,146962
33,Male,Bachelor's,Database Administrator,7,106478
24,Female,Bachelor's,IT Support Specialist,2,51008
28,Female,Master's,Analyst,4,76389
22,Male,Bachelor's,Associate,0,54655
37,Female,Master's,Customer Support Specialist,0,48306
48,Male,Master's,Data Scientist,9,128853
47,Male,Bachelor's,Operations Manager,19,114495
35,Male,Bachelor's,Mechanical Engineer,8,100400
51,Female,Bachelor's,Civil Engineer,14,104831
45,Male,Bachelor's,Senior Data Scientist,20,202491
43,Female,Bachelor's,Intern,1,38405
24,Female,Bachelor's,Intern,0,36726
58,Male,Master's,Database Administrator,22,132725
63,Male,High School,Database Administrator,8,88309
64,Female,Bachelor's,Vice President,16,231998
45,Male,PhD,Senior Software Engineer,15,222922
26,Male,PhD,IT Support Specialist,0,53573
63,Female,Bachelor's,Consultant,30,142604
41,Female,Master's,Associate,0,68776
45,Female,Bachelor's,Research Scientist,18,121591
41,Male,PhD,Business Analyst,4,88165
58,Male,Master's,Professor,30,159488
29,Female,Master's,Data Analyst,4,88048
60,Male,Bachelor's,Database Administrator,19,131967
22,Male,Bachelor's,Associate,0,50619
49,Male,PhD,Project Manager,9,152496
43,Female,Master's,Director of Engineering,17,211112
37,Male,Master's,Research Scientist,10,136242
35,Female,Master's,Project Manager,10,119659
50,Male,Master's,Accountant,2,74854
56,Male,High School,Analyst,1,49823
28,Female,Bachelor's,Associate,2,68350
23,Female,Bachelor's,Junior Developer,1,57890
54,Female,Master's,Senior Software Engineer,24,249353
51,Female,Master's,Sales Manager,5,98538
59,Male,Bachelor's,Product Manager,23,162864
51,Female,Master's,Mechanical Engineer,12,117357
32,Female,Bachelor's,UX Designer,3,83280
52,Male,PhD,Data Scientist,7,164699
46,Male,Bachelor's,Associate,1,57246
21,Male,Bachelor's,IT Support Specialist,0,45214
38,Male,PhD,Data Analyst,9,107182
23,Female,High School,Customer Support Specialist,0,31072
27,Female,PhD,Intern,0,49331
51,Male,High School,Technical Writer,14,65757
42,Male,Master's,Marketing Manager,11,116806
41,Female,PhD,Database Administrator,6,122967
45,Male,Master's,Consultant,10,130765
47,Female,Bachelor's,Data Analyst,6,73798
34,Male,Master's,Graphic Designer,3,67515
64,Female,Master's,Consultant,25,181073
24,Male,Bachelor's,Analyst,2,64567
45,Female,Bachelor's,Senior Software Engineer,18,180381
32,Male,Bachelor's,Software Engineer,5,101818
62,Female,Bachelor's,Product Manager,36,193298
52,Male,Master's,Junior Developer,2,65499
43,Female,Master's,Cloud Architect,15,216768
56,Female,Master's,Database Administrator,32,177865
40,Male,PhD,Software Engineer,4,133030
46,Male,Bachelor's,Network Engineer,6,90464
41,Male,Master's,Data Analyst,2,81385
49,Female,Master's,Sales Manager,8,106234
38,Female,PhD,Software Engineer,7,125581
63,Female,Bachelor's,Operations Manager,15,114443
28,Male,Master's,IT Support Specialist,2,59514
28,Male,Master's,Intern,0,43949
39,Male,Master's,Analyst,1,71531
32,Female,Master's,Civil Engineer,6,100443
56,Female,Master's,Cloud Architect,23,202076
26,Male,PhD,Customer Support Specialist,0,56765
39,Female,Master's,Software Engineer,8,121302
58,Male,Bachelor's,Senior Software Engineer,32,216568
47,Female,Master's,Security Engineer,23,156483
33,Male,Bachelor's,Analyst,0,58144
41,Female,Bachelor's,Data Analyst,7,78948
21,Female,High School,Analyst,2,48146
27,Male,Bachelor's,Graphic Designer,4,56512
32,Male,Master's,Consultant,7,126915
24,Male,Bachelor's,Junior Developer,2,52544
30,Female,PhD,Customer Support Specialist,1,58717
26,Male,Bachelor's,Junior Developer,1,60332
59,Female,Bachelor's,Biomedical Engineer,9,100177
55,Female,PhD,Intern,1,47558
22,Female,Bachelor's,Analyst,0,62399
28,Female,High School,Sales Manager,7,79080
47,Male,High School,IT Support Specialist,3,46926
50,Female,Master's,Biomedical Engineer,6,102909
29,Female,High School,Database Administrator,10,87981
38,Male,PhD,Junior Developer,4,72655
53,Female,Master's,Lawyer,27,219851
26,Female,Master's,Customer Support Specialist,1,42387
34,Female,Bachelor's,Architect,7,100265
37,Female,Master's,Junior Developer,4,65647
24,Female,Bachelor's,Analyst,0,58717
51,Male,Master's,Consultant,19,136642
55,Male,PhD,Consultant,27,172179
32,Male,Master's,Associate,4,71086
50,Female,Master's,Professor,11,135202
57,Female,Bachelor's,Consultant,18,123827
59,Female,Master's,Research Scientist,34,171079
56,Male,Bachelor's,Research Scientist,21,134650
33,Male,Bachelor's,Marketing Manager,5,88670
59,Female,PhD,Business Analyst,2,97660
50,Male,Master's,Machine Learning Engineer,24,207585
55,Female,Master's,Associate,4,67118
45,Female,Bachelor's,Operations Manager,23,120982
62,Male,High School,Chief Executive Officer,23,235580
33,Male,Bachelor's,Economist,10,115506
21,Female,Bachelor's,Customer Support Specialist,0,32419
37,Female,Master's,Statistician,12,123571
30,Female,Master's,UX Designer,6,102767
60,Female,Master's,Consultant,25,169408
61,Male,Master's,Senior Software Engineer,27,230346
49,Male,Master's,Senior Software Engineer,18,183673
42,Male,Master's,Lawyer,10,176547
31,Female,Master's,Customer Support Specialist,1,41890
40,Male,PhD,Financial Analyst,4,106287
24,Female,Bachelor's,Graphic Designer,2,52382
61,Female,Master's,Consultant,10,123063
53,Female,High School,Security Engineer,17,119413
37,Female,Bachelor's,Cloud Architect,13,188848
30,Female,Master's,Consultant,5,119082
46,Female,PhD,Network Engineer,9,119440
51,Female,Master's,Customer Support Specialist,3,41322
42,Female,Master's,Chief Financial Officer,16,252528
53,Female,Bachelor's,Database Administrator,14,107093
46,Female,Bachelor's,Operations Manager,11,108337
55,Female,PhD,Product Manager,10,154895
65,Male,High School,Machine Learning Engineer,25,135592
61,Female,Bachelor's,Cloud Architect,24,213555
35,Female,Master's,Technical Writer,10,84487
35,Female,PhD,Financial Analyst,2,106935
46,Female,PhD,Healthcare Specialist,4,90172
38,Female,PhD,Customer Support Specialist,1,59941
57,Female,Master's,Operations Manager,26,153944
37,Male,Master's,Associate,1,77101
65,Female,Master's,Professor,20,130897
26,Male,Bachelor's,Associate,2,58947
62,Female,Master's,Chief Technology Officer,25,252012
53,Female,Bachelor's,Machine Learning Engineer,12,157975
37,Male,Master's,Product Manager,5,130062
55,Female,Bachelor's,Senior Data Scientist,25,200623
35,Female,Master's,Software Engineer,7,114488
27,Female,Master's,Intern,1,38256
45,Male,Master's,Senior Data Scientist,21,269898
42,Male,Master's,Product Manager,6,134402
24,Male,Bachelor's,Junior Developer,2,57122
37,Male,Master's,Biomedical Engineer,8,128966
34,Male,PhD,Financial Analyst,3,110334
48,Female,Bachelor's,Network Engineer,9,84798
37,Female,Master's,Project Manager,12,128617
32,Female,Master's,Associate,2,64926
52,Female,PhD,Research Scientist,16,164907
28,Male,Master's,IT Support Specialist,2,46554
36,Male,Bachelor's,Software Engineer,5,85656
64,Female,Master's,Security Engineer,19,161872
31,Female,Bachelor's,Customer Support Specialist,1,37559
62,Male,Master's,UX Designer,4,116864
36,Male,Master's,UX Designer,9,119780
47,Female,Bachelor's,Systems Administrator,8,73194
38,Male,Master's,Database Administrator,10,128942
49,Male,Master's,Research Scientist,12,136406
43,Male,Bachelor's,Civil Engineer,12,90630
36,Male,High School,Statistician,14,104525
60,Male,Master's,Chief Technology Officer,31,324535
26,Male,Bachelor's,Customer Support Specialist,1,35447
28,Male,Bachelor's,Customer Support Specialist,4,42311
40,Male,High School,Security Engineer,15,111123
57,Female,Master's,Chief Executive Officer,19,284828
33,Male,Bachelor's,Biomedical Engineer,7,95428
47,Female,Bachelor's,Software Engineer,3,96419
36,Male,Master's,Civil Engineer,5,95570
62,Female,Bachelor's,Director of Engineering,23,229063
50,Male,High School,Product Manager,30,151273
33,Female,Master's,Customer Support Specialist,0,46539
64,Male,Master's,Vice President,38,317017
33,Male,Bachelor's,Electrical Engineer,11,100836
58,Male,Master's,Consultant,7,121174
43,Male,Master's,Data Scientist,12,135497
56,Male,Bachelor's,Operations Manager,21,128106
41,Female,Master's,Biomedical Engineer,8,118203
57,Male,Master's,Security Engineer,28,204869
41,Female,PhD,Lawyer,12,199719
40,Male,PhD,Operations Manager,11,140634
34,Male,Master's,Intern,1,37756
59,Male,Master's,Systems Administrator,5,100557
36,Female,Master's,UX Designer,5,96650
50,Male,Master's,Consultant,23,156131
35,Male,PhD,Systems Administrator,5,103398
23,Male,Bachelor's,Associate,0,50132
40,Male,PhD,Software Engineer,9,149696
25,Male,PhD,Junior Developer,0,69889
45,Female,Master's,UX Designer,4,109062
59,Female,Master's,Lawyer,15,189674
55,Female,Bachelor's,Security Engineer,14,153539
34,Female,PhD,Analyst,2,91271
45,Male,Master's,Marketing Manager,10,111634
38,Male,Master's,Financial Analyst,2,81552
60,Female,Bachelor's,Machine Learning Engineer,38,191463
48,Female,Bachelor's,Systems Administrator,9,88556
43,Male,Bachelor's,Systems Administrator,6,70424
24,Female,Bachelor's,Healthcare Specialist,2,69495
29,Female,Bachelor's,Consultant,7,107601
52,Male,Master's,Economist,27,144919
35,Male,PhD,Biomedical Engineer,5,112804
41,Male,Master's,Software Engineer,8,121889
39,Male,High School,Operations Manager,21,113627
28,Male,Master's,Analyst,0,61423
48,Female,PhD,Intern,0,46191
65,Male,Bachelor's,Statistician,7,93261
50,Male,Bachelor's,Cloud Architect,12,168795
31,Female,High School,Consultant,9,103178
38,Female,PhD,Machine Learning Engineer,10,173660
29,Male,PhD,IT Support Specialist,0,49929
25,Female,Master's,Junior Developer,0,60051
31,Male,Bachelor's,Biomedical Engineer,5,86228
34,Male,Bachelor's,Civil Engineer,8,81763
41,Female,Master's,Architect,9,108633
41,Female,Master's,Associate,1,69236
62,Female,Master's,Economist,12,123695
47,Female,Master's,Database Administrator,17,127780
25,Female,High School,Financial Analyst,7,74117
21,Male,Bachelor's,Associate,0,58513
47,Female,Bachelor's,Business Analyst,4,74655
37,Female,PhD,Business Analyst,4,99308
48,Female,PhD,Software Engineer,4,115783
46,Male,PhD,Marketing Manager,9,111947
22,Male,PhD,Associate,0,72858
50,Male,Bachelor's,Financial Analyst,5,87262
38,Female,PhD,Financial Analyst,4,96576
48,Male,PhD,Security Engineer,17,188813
26,Female,Master's,Customer Support Specialist,1,42999
55,Female,PhD,Economist,13,144464
37,Male,Bachelor's,Graphic Designer,3,53919
63,Male,Master's,Lawyer,30,232486
52,Male,Bachelor's,Product Manager,13,142120
24,Female,Bachelor's,IT Support Specialist,0,47293
65,Female,Master's,Security Engineer,28,193177
44,Male,Master's,Professor,12,128836
44,Male,Bachelor's,Database Administrator,6,93378
40,Male,Master's,Consultant,10,130917
33,Male,Master's,Software Engineer,3,103143
41,Female,Bachelor's,Associate,4,56903
33,Female,Bachelor's,Software Engineer,4,89830
42,Female,Master's,Consultant,15,128384
48,Male,Bachelor's,Accountant,9,72756
49,Male,Bachelor's,Marketing Manager,6,92410
59,Female,PhD,Economist,13,139273
25,Male,Master's,Customer Support Specialist,0,45190
47,Female,PhD,Consultant,7,147152
28,Male,Master's,Healthcare Specialist,3,82618
63,Male,Master's,Director of Engineering,36,295351
63,Male,Master's,Economist,36,163921
46,Female,Bachelor's,Analyst,0,60081
60,Female,Bachelor's,Product Manager,26,158669
48,Female,PhD,Project Manager,12,125629
44,Female,Master's,Database Administrator,9,122193
43,Female,Bachelor's,Teacher,3,55991
61,Female,Master's,Machine Learning Engineer,34,197031
37,Female,PhD,Data Scientist,7,127806
29,Female,Bachelor's,DevOps Engineer,5,131498
41,Female,Master's,Associate,1,60308
60,Male,Master's,Lawyer,19,192775
31,Male,Bachelor's,Graphic Designer,2,61029
44,Female,Master's,Junior Developer,2,68342
41,Male,PhD,Civil Engineer,6,101599
24,Female,Master's,Junior Developer,0,60299
39,Male,Master's,Network Engineer,5,95449
37,Female,PhD,Data Scientist,7,142925
21,Female,High School,Analyst,2,53564
65,Female,High School,Junior Developer,0,46799
37,Female,Master's,Financial Analyst,6,82317
26,Male,PhD,Customer Support Specialist,0,55632
51,Female,Bachelor's,Research Scientist,17,130961
64,Female,Master's,Financial Analyst,4,87297
62,Female,High School,Project Manager,5,82171
34,Male,Master's,Financial Analyst,3,88267
21,Male,Master's,Analyst,0,81902
23,Male,PhD,IT Support Specialist,0,58195
42,Female,Master's,Statistician,8,105577
43,Male,Master's,Professor,10,133449
55,Female,High School,Security Engineer,35,160746
45,Male,Bachelor's,Architect,5,92944
36,Female,PhD,Electrical Engineer,8,115902
50,Female,PhD,Data Analyst,3,92208
36,Male,Master's,Graphic Designer,2,62312
22,Male,High School,Software Engineer,2,73363
56,Male,Master's,Chief Financial Officer,29,334005
43,Female,PhD,Analyst,1,83774
60,Male,High School,Graphic Designer,4,51749
40,Male,Master's,Consultant,11,123282
26,Female,Master's,Customer Support Specialist,0,41842
25,Female,Bachelor's,Associate,0,52448
61,Male,Bachelor's,Senior Data Scientist,29,206773
43,Male,Bachelor's,Mechanical Engineer,13,110551
34,Male,Master's,Professor,10,111426
55,Female,Bachelor's,Lawyer,21,167562
56,Female,PhD,Chief Executive Officer,16,311545
55,Female,PhD,Operations Manager,19,169561
62,Female,PhD,Consultant,10,156557
46,Male,Master's,Operations Manager,22,133823
61,Female,Bachelor's,Sales Manager,5,91842
50,Male,Master's,Product Manager,5,138612
33,Male,Bachelor's,Accountant,4,56059
50,Female,Bachelor's,Accountant,2,57060
31,Female,PhD,IT Support Specialist,1,55164
23,Male,Bachelor's,Analyst,1,60069
54,Female,Master's,Senior Software Engineer,29,219150
24,Female,Master's,Customer Support Specialist,0,47063
42,Female,Bachelor's,Associate,3,58338
54,Female,Bachelor's,Analyst,2,53176
61,Female,PhD,Mechanical Engineer,6,123231
62,Male,Bachelor's,Chief Financial Officer,33,244948
47,Female,PhD,Systems Administrator,9,113489
41,Male,PhD,IT Support Specialist,4,57567
55,Male,Master's,Software Engineer,3,110260
59,Male,PhD,Cloud Architect,16,249515
45,Female,Master's,Database Administrator,18,126745
37,Male,Master's,Statistician,5,108799
58,Male,High School,Accountant,2,53382
44,Male,Master's,Machine Learning Engineer,15,170561
61,Male,PhD,Database Administrator,26,174841
21,Female,Bachelor's,Intern,0,33531
45,Female,PhD,Product Manager,14,188848
50,Male,PhD,HR Manager,7,104949
65,Female,PhD,Chief Technology Officer,31,367692
31,Male,Bachelor's,Financial Analyst,4,78324
47,Female,Bachelor's,Consultant,14,124801
62,Male,High School,Analyst,4,64876
25,Male,Master's,Intern,1,44355
32,Female,Bachelor's,Marketing Manager,8,83551
46,Male,Master's,Product Manager,11,147893
55,Male,Bachelor's,Research Scientist,25,129597
60,Male,Master's,Mechanical Engineer,8,94286
56,Female,PhD,Vice President,15,287294
39,Male,Bachelor's,Project Manager,8,97087
27,Female,Master's,Junior Developer,0,61991
32,Male,Bachelor's,Analyst,1,64409
61,Female,High School,Chief Technology Officer,17,201316
31,Female,Bachelor's,DevOps Engineer,5,104812
57,Male,PhD,Lawyer,22,250956
52,Male,Master's,Product Manager,25,208655
54,Male,Bachelor's,Database Administrator,23,132604
23,Female,High School,Intern,0,30729
43,Female,Bachelor's,Data Scientist,11,128150
59,Female,Bachelor's,Director of Engineering,31,245598
46,Male,Bachelor's,Financial Analyst,9,96112
49,Female,PhD,Security Engineer,19,189917
24,Female,Bachelor's,IT Support Specialist,1,43259
34,Male,Master's,Customer Support Specialist,0,39544
60,Male,Master's,Operations Manager,31,168860
62,Female,Master's,UX Designer,3,92832
55,Male,Master's,Economist,23,138392
47,Female,Bachelor's,Lawyer,19,155446
28,Male,Master's,Healthcare Specialist,2,84811
42,Male,Bachelor's,Machine Learning Engineer,14,142034
39,Male,Master's,Associate,1,66070
25,Male,Bachelor's,Customer Support Specialist,2,43904
41,Male,Master's,Accountant,2,74912
33,Female,Bachelor's,Mechanical Engineer,10,95989
26,Female,PhD,IT Support Specialist,0,56581
23,Female,Master's,Customer Support Specialist,0,37066
26,Male,Master's,Junior Developer,2,78800
59,Male,Bachelor's,Chief Technology Officer,26,304287
50,Female,Master's,Chief Executive Officer,26,336095
51,Female,Bachelor's,Biomedical Engineer,6,108752
22,Male,Bachelor's,Customer Support Specialist,0,45858
26,Male,Bachelor's,Data Analyst,4,65084
56,Male,Master's,Data Scientist,11,141638
46,Female,PhD,Systems Administrator,6,109387
34,Male,Master's,UX Designer,7,108000
39,Male,Master's,Architect,14,124270
43,Female,Master's,Chief Technology Officer,16,258824
34,Female,Master's,DevOps Engineer,5,128855
65,Male,PhD,Director of Engineering,29,323526
50,Male,Bachelor's,Teacher,2,56450
38,Male,PhD,Civil Engineer,5,99679
44,Female,Master's,Marketing Manager,9,99524
64,Female,Master's,Lawyer,34,221424
52,Male,High School,Cloud Architect,28,196264
39,Female,Bachelor's,Professor,17,130744
49,Female,Master's,Chief Technology Officer,19,284554
63,Female,PhD,HR Manager,6,106590
37,Male,Bachelor's,Teacher,4,56294
25,Female,Bachelor's,Associate,0,51811
54,Female,PhD,Senior Software Engineer,26,276274
37,Male,PhD,Junior Developer,1,74204
42,Female,Bachelor's,Chief Executive Officer,15,247117
31,Male,Bachelor's,Electrical Engineer,9,93076
22,Female,High School,Customer Support Specialist,4,38510
23,Male,Master's,Customer Support Specialist,0,51419
61,Female,Bachelor's,Chief Technology Officer,23,249316
25,Male,Bachelor's,Junior Developer,0,58423
31,Female,PhD,Analyst,0,78706
21,Female,High School,UX Designer,3,63824
32,Male,Master's,Healthcare Specialist,3,74003
44,Male,High School,Mechanical Engineer,5,79843
54,Male,Master's,Customer Support Specialist,4,49753
57,Male,PhD,Professor,26,178471
44,Female,PhD,Project Manager,11,130643
61,Male,High School,Vice President,25,218765
48,Male,PhD,Marketing Manager,8,110054
62,Female,Bachelor's,Electrical Engineer,8,90885
34,Male,Bachelor's,Economist,12,102772
46,Female,Master's,Mechanical Engineer,7,108157
46,Female,PhD,Technical Writer,14,96105
24,Female,PhD,IT Support Specialist,0,56584
59,Female,PhD,Chief Technology Officer,16,312293
48,Male,Bachelor's,Chief Financial Officer,17,240157
23,Female,Master's,Analyst,0,65807
27,Male,Master's,Business Analyst,3,88421
48,Female,Master's,Data Scientist,5,136167
40,Male,Bachelor's,Network Engineer,7,104278
30,Male,PhD,Analyst,2,83063
32,Male,Bachelor's,Customer Support Specialist,3,42761
30,Female,Bachelor's,HR Manager,5,69542
44,Female,Bachelor's,Lawyer,14,165970
40,Female,Master's,Intern,1,37921
65,Male,Bachelor's,Data Scientist,7,89790
22,Female,Bachelor's,Customer Support Specialist,0,41864
57,Female,PhD,UX Designer,6,112616
50,Male,High School,Chief Financial Officer,27,224181
29,Male,PhD,Customer Support Specialist,0,43937
26,Male,Bachelor's,Teacher,4,58455
35,Male,High School,Product Manager,15,125242
63,Female,Bachelor's,Senior Data Scientist,17,188273
50,Male,Bachelor's,Database Administrator,21,118249
40,Male,Master's,Analyst,0,71643
42,Female,Master's,Architect,9,115212
63,Female,Bachelor's,Product Manager,26,179231
34,Female,High School,Statistician,6,79325
24,Female,Master's,Junior Developer,0,54310
47,Female,PhD,Lawyer,14,213469
22,Female,Bachelor's,Associate,0,49410
21,Female,Bachelor's,Junior Developer,0,58834
43,Male,Master's,Customer Support Specialist,0,45902
54,Male,Master's,Civil Engineer,8,98927
65,Female,PhD,Product Manager,6,155140
61,Female,Master's,Chief Financial Officer,28,269168
57,Male,High School,Professor,17,98988
57,Female,Master's,Machine Learning Engineer,30,159133
22,Male,High School,Customer Support Specialist,3,38903
48,Male,Master's,Business Analyst,4,95443
61,Female,Master's,Economist,21,123271
50,Male,Bachelor's,Architect,5,87723
52,Male,Bachelor's,Director of Engineering,15,181332
34,Male,Bachelor's,Security Engineer,8,131056
54,Female,Bachelor's,Statistician,9,85195
63,Male,PhD,Junior Developer,1,87800
37,Female,High School,Biomedical Engineer,6,79415
49,Female,Master's,Analyst,1,70146
43,Male,PhD,Data Scientist,5,116797
53,Male,Master's,Consultant,6,127109
58,Male,PhD,Marketing Manager,10,125975
42,Male,Bachelor's,DevOps Engineer,14,148819
54,Male,Bachelor's,IT Support Specialist,0,38155
22,Female,High School,Software Engineer,2,77666
57,Female,Master's,Chief Technology Officer,18,273907
57,Male,High School,Chief Financial Officer,37,217467
23,Male,Bachelor's,IT Support Specialist,0,44094
23,Male,Bachelor's,Intern,0,39189
54,Male,Bachelor's,Cloud Architect,26,232672
28,Male,Bachelor's,Intern,0,38859
53,Male,PhD,Chief Technology Officer,24,353818
45,Female,PhD,Financial Analyst,3,116120
26,Female,PhD,Associate,0,70630
35,Female,Bachelor's,Lawyer,10,157017
27,Male,Bachelor's,UX Designer,5,90231
36,Male,Master's,Database Administrator,8,125749
53,Female,PhD,Chief Financial Officer,25,310399
61,Male,Master's,Chief Financial Officer,20,277152
38,Female,Master's,Marketing Manager,6,99334
25,Male,PhD,IT Support Specialist,0,57087
31,Female,Bachelor's,Analyst,2,67523
47,Female,Master's,Analyst,1,65025
60,Female,Bachelor's,Database Administrator,22,111855
29,Female,Master's,Junior Developer,1,59307
63,Male,Bachelor's,Senior Software Engineer,13,168790
29,Female,Bachelor's,Accountant,3,61106
57,Male,Bachelor's,Chief Financial Officer,25,227140
50,Male,Master's,Senior Data Scientist,23,230906
64,Male,Master's,Machine Learning Engineer,19,190691
59,Male,Bachelor's,Vice President,37,251886
63,Male,Bachelor's,Product Manager,32,160274
51,Female,Master's,Teacher,3,57756
37,Female,Bachelor's,Biomedical Engineer,5,88730
38,Female,Master's,Network Engineer,8,106569
55,Female,Master's,Cloud Architect,23,240798
36,Male,Bachelor's,Product Manager,5,113327
41,Female,PhD,Sales Manager,13,142154
42,Male,Master's,Data Scientist,8,140382
32,Male,Bachelor's,Business Analyst,4,71479
58,Female,Master's,Security Engineer,10,152872
65,Male,Bachelor's,Vice President,37,299432
52,Female,Master's,Senior Data Scientist,24,219431
25,Female,Master's,Intern,1,44140
49,Female,PhD,Electrical Engineer,5,117839
45,Male,Bachelor's,Security Engineer,23,173806
29,Male,Bachelor's,Marketing Manager,6,84438
34,Male,Bachelor's,Junior Developer,1,49389
33,Female,Master's,Security Engineer,6,144022
52,Male,PhD,Data Analyst,2,91765
40,Male,Master's,Project Manager,7,123316
33,Female,PhD,Data Scientist,5,147368
45,Male,Master's,Sales Manager,5,107706
64,Male,Master's,Chief Financial Officer,39,322950
32,Female,Bachelor's,Junior Developer,0,54806
47,Male,Master's,Product Manager,21,187633
42,Female,Bachelor's,Director of Engineering,19,190311
22,Female,Master's,Customer Support Specialist,0,43476
44,Male,Master's,Senior Data Scientist,15,241395
25,Male,Bachelor's,Junior Developer,0,61349
24,Female,Bachelor's,Associate,0,50891
23,Female,High School,Software Engineer,2,69725
60,Male,High School,Civil Engineer,5,76683
25,Male,Master's,Customer Support Specialist,0,42718
55,Female,PhD,Data Analyst,9,98998
50,Male,Bachelor's,Professor,23,137238
26,Male,Master's,Associate,2,70600
31,Male,Master's,Sales Manager,5,103735
44,Female,Master's,Architect,10,112069
47,Female,PhD,Chief Financial Officer,17,283246
52,Female,PhD,Architect,8,131548
53,Female,Master's,Product Manager,17,148891
37,Male,Master's,Systems Administrator,9,90016
22,Female,Bachelor's,Associate,0,52083
32,Female,High School,Graphic Designer,3,50428
58,Male,Bachelor's,Security Engineer,26,176883
32,Male,PhD,Intern,1,47495
56,Male,High School,Research Scientist,24,113160
32,Male,Bachelor's,Consultant,8,103220
34,Female,Bachelor's,Analyst,1,56295
56,Female,PhD,Accountant,6,82299
45,Male,Bachelor's,Chief Executive Officer,15,214705
55,Male,Bachelor's,Economist,29,125378
21,Female,Bachelor's,Junior Developer,0,46071
57,Female,Bachelor's,Research Scientist,18,143728
52,Male,Bachelor's,Marketing Manager,11,89079
41,Female,Master's,Cloud Architect,14,200954
55,Female,Bachelor's,Security Engineer,24,155388
41,Female,Master's,Mechanical Engineer,11,116510
23,Female,Bachelor's,IT Support Specialist,0,44625
51,Male,Bachelor's,Lawyer,17,161621
47,Male,Bachelor's,Project Manager,14,108555
42,Female,Master's,Project Manager,6,115332
55,Male,Master's,Operations Manager,25,154497
31,Female,Bachelor's,IT Support Specialist,0,46761
61,Female,Master's,Database Administrator,9,110248
55,Male,PhD,Consultant,17,161671
65,Female,Bachelor's,Chief Financial Officer,38,266753
42,Male,PhD,Professor,11,158192
63,Male,High School,Statistician,11,83209
27,Male,High School,Statistician,6,71117
62,Male,PhD,Chief Executive Officer,28,356708
62,Male,Bachelor's,Director of Engineering,40,275738
38,Male,Master's,UX Designer,3,94213
65,Female,Bachelor's,Architect,14,103900
38,Female,Bachelor's,Electrical Engineer,8,88393
27,Male,Master's,Intern,1,44494
58,Female,Master's,Data Analyst,2,75058
51,Male,Master's,Research Scientist,25,163749
33,Male,Master's,Customer Support Specialist,1,52501
45,Male,Bachelor's,Product Manager,15,145434
43,Male,PhD,DevOps Engineer,7,151252
60,Male,Master's,Technical Writer,10,91264
62,Male,Master's,Economist,18,143387
21,Female,Bachelor's,Associate,0,49898
25,Female,Master's,IT Support Specialist,0,49537
44,Male,Master's,Research Scientist,14,129735
55,Male,Master's,Intern,1,42666
21,Male,Bachelor's,Associate,0,56552
39,Male,PhD,IT Support Specialist,3,53364
48,Male,Master's,Marketing Manager,6,97488
59,Male,PhD,Consultant,30,198205
50,Male,Master's,Statistician,12,128071
32,Female,Bachelor's,Systems Administrator,7,75701
53,Male,PhD,Accountant,7,92326
45,Female,Master's,Data Scientist,7,128964
57,Female,Bachelor's,Systems Administrator,6,78602
51,Male,Bachelor's,Product Manager,7,138368
53,Female,Bachelor's,Chief Technology Officer,24,259004
57,Female,Bachelor's,Research Scientist,18,140929
64,Male,Bachelor's,Professor,39,138573
24,Female,Bachelor's,Teacher,2,48773
62,Male,Bachelor's,Statistician,14,98804
63,Male,Master's,Consultant,17,121347
26,Female,PhD,IT Support Specialist,0,53154
60,Male,Master's,Database Administrator,29,165378
52,Male,High School,Chief Financial Officer,31,214786
34,Female,Bachelor's,Intern,1,33237
46,Male,PhD,IT Support Specialist,4,63145
35,Male,Master's,Business Analyst,3,81508
54,Male,Bachelor's,Director of Engineering,31,234219
47,Male,PhD,Database Administrator,13,151529
33,Male,High School,Product Manager,9,126837
36,Male,Bachelor's,Civil Engineer,13,113917
28,Male,Bachelor's,Associate,0,52145
47,Female,Master's,Systems Administrator,5,90443
45,Male,Master's,Technical Writer,13,88405
25,Male,PhD,Customer Support Specialist,0,45290
45,Male,Bachelor's,Project Manager,8,106768
61,Female,PhD,Software Engineer,3,116064
24,Male,PhD,Associate,0,65784
45,Male,PhD,Sales Manager,7,130402
28,Female,PhD,Associate,0,62330
52,Female,PhD,Biomedical Engineer,7,124332
25,Male,PhD,Associate,0,75604
25,Male,Bachelor's,Business Analyst,3,75387
35,Female,Bachelor's,Architect,9,103190
40,Female,Bachelor's,Project Manager,7,89439
41,Male,PhD,Marketing Manager,5,119026
44,Female,Master's,Data Scientist,10,137363
57,Male,Bachelor's,DevOps Engineer,6,112087
54,Male,PhD,Professor,25,155711
64,Female,Bachelor's,Professor,11,92179
60,Female,PhD,Associate,0,69624
30,Male,Bachelor's,HR Manager,8,78140
41,Male,PhD,Analyst,1,77920
53,Female,PhD,Database Administrator,21,148244
63,Male,PhD,Professor,33,181807
44,Male,Bachelor's,Accountant,4,66013
62,Male,PhD,Civil Engineer,6,130280
22,Male,Bachelor's,Associate,0,60855
45,Female,Master's,Security Engineer,20,189133
32,Male,High School,Data Scientist,11,105722
58,Male,Master's,Financial Analyst,4,98632
50,Male,PhD,Electrical Engineer,7,115553
38,Female,Master's,Junior Developer,0,54712
41,Male,Bachelor's,Mechanical Engineer,5,85187
42,Male,PhD,Research Scientist,10,158978
21,Female,High School,UX Designer,3,69266
46,Male,Master's,Senior Software Engineer,11,179811
29,Female,Master's,Teacher,2,58498
33,Female,Bachelor's,Customer Support Specialist,0,38250
65,Male,Bachelor's,Vice President,20,245426
54,Female,Bachelor's,Analyst,1,63357
42,Male,PhD,Database Administrator,11,147532
26,Male,PhD,Intern,0,48568
62,Female,PhD,Director of Engineering,21,300549
43,Female,Master's,Chief Technology Officer,18,287423
34,Female,Bachelor's,Sales Manager,8,115002
41,Male,Bachelor's,DevOps Engineer,9,119329
57,Male,Bachelor's,Machine Learning Engineer,11,150648
25,Female,Bachelor's,Analyst,0,56387
27,Male,Bachelor's,Business Analyst,3,81088
21,Male,Bachelor's,Associate,0,58011
59,Female,Bachelor's,Product Manager,33,174656
58,Female,PhD,Chief Executive Officer,30,342258
60,Male,High School,Database Administrator,40,139201
33,Female,High School,Biomedical Engineer,9,79440
39,Male,Master's,Healthcare Specialist,2,82981
59,Female,Master's,Product Manager,28,169772
43,Female,Bachelor's,IT Support Specialist,3,51382
41,Male,Master's,Sales Manager,12,107386
55,Female,Master's,IT Support Specialist,3,53890
35,Male,Master's,Data Analyst,9,105004
28,Female,Bachelor's,Junior Developer,4,62903
21,Female,Bachelor's,Intern,0,37693
62,Female,Master's,Database Administrator,30,142413
31,Female,Bachelor's,Intern,0,32910
26,Male,High School,Civil Engineer,6,66045
65,Male,PhD,Teacher,4,57722
25,Female,Bachelor's,Graphic Designer,3,45827
37,Female,Bachelor's,Systems Administrator,5,88668
33,Male,Bachelor's,Sales Manager,7,94330
45,Female,Bachelor's,Chief Technology Officer,19,264288
21,Male,Bachelor's,Intern,0,35438
39,Female,Bachelor's,Marketing Manager,14,94863
49,Male,Master's,Lawyer,10,163807
21,Female,Bachelor's,Associate,0,46073
24,Male,High School,UX Designer,3,74224
24,Female,High School,Mechanical Engineer,6,72509
40,Male,PhD,Junior Developer,0,65740
26,Male,Master's,Analyst,1,79490
21,Female,Master's,Analyst,0,68282
48,Female,Master's,Systems Administrator,7,94638
35,Female,PhD,Associate,0,62811
22,Male,Bachelor's,Analyst,0,47525
31,Male,Bachelor's,UX Designer,3,87491
47,Female,PhD,Electrical Engineer,9,131943
24,Female,Bachelor's,Healthcare Specialist,2,67587
51,Male,PhD,Biomedical Engineer,9,126058
35,Male,PhD,Data Analyst,2,97406
42,Male,PhD,Analyst,0,85811
53,Male,Master's,Professor,20,120507
29,Female,PhD,Intern,1,47144
31,Male,PhD,Customer Support Specialist,1,52844
30,Male,Master's,Data Scientist,6,120884
42,Female,Bachelor's,Lawyer,11,140958
64,Female,Master's,Analyst,1,75820
49,Male,Bachelor's,Senior Software Engineer,24,193371
56,Male,PhD,Data Analyst,5,100488
42,Male,Bachelor's,Security Engineer,13,139008
26,Female,High School,Marketing Manager,7,81048
44,Male,Bachelor's,Customer Support Specialist,0,41716
22,Male,Bachelor's,IT Support Specialist,0,45572
25,Male,Bachelor's,Graphic Designer,2,48052
42,Female,Bachelor's,Accountant,4,69082
28,Male,Bachelor's,Associate,0,58860
30,Male,PhD,Analyst,1,85458
57,Female,Master's,Chief Technology Officer,28,324175
39,Male,Master's,IT Support Specialist,0,50987
63,Female,PhD,Systems Administrator,7,110193
44,Male,Master's,Lawyer,18,203656
21,Female,Bachelor's,Junior Developer,0,45981
41,Male,Master's,Financial Analyst,2,99466
39,Female,PhD,Database Administrator,6,110334
48,Male,Bachelor's,Security Engineer,13,146425
41,Female,High School,Data Analyst,9,67926
24,Male,Bachelor's,Customer Support Specialist,2,39648
49,Female,PhD,Database Administrator,5,115768
50,Male,Bachelor's,Chief Technology Officer,16,258888
53,Male,PhD,Teacher,2,72993
21,Female,High School,Junior Developer,0,40596
48,Male,Bachelor's,Network Engineer,9,87673
54,Female,Master's,Lawyer,16,190020
38,Female,PhD,Graphic Designer,3,67638
49,Male,Bachelor's,Civil Engineer,14,99561
22,Male,High School,Customer Support Specialist,1,36836
41,Male,Bachelor's,Vice President,18,242516
45,Female,PhD,DevOps Engineer,11,161549
63,Female,Bachelor's,Chief Executive Officer,26,256803
51,Male,Bachelor's,Consultant,23,142437
59,Male,Master's,Professor,30,162732
46,Male,High School,Analyst,1,55800
49,Male,Master's,Database Administrator,22,127214
47,Male,Master's,Chief Executive Officer,22,305656
65,Female,High School,Senior Data Scientist,40,211017
57,Male,Master's,Senior Data Scientist,15,197882
28,Female,Bachelor's,Network Engineer,6,91796
43,Male,Bachelor's,Security Engineer,15,144794
38,Male,Master's,Statistician,13,104144
40,Male,High School,Customer Support Specialist,4,33871
41,Female,Master's,Senior Software Engineer,16,202399
58,Female,Bachelor's,Cloud Architect,29,237730
38,Male,PhD,Civil Engineer,9,124793
31,Female,PhD,Associate,1,63390
21,Male,High School,Junior Developer,2,49700
64,Female,Bachelor's,Security Engineer,14,118105
31,Female,Bachelor's,Biomedical Engineer,5,80591
43,Male,Master's,Product Manager,15,160870
41,Female,Master's,Intern,0,36578
44,Female,Master's,Associate,3,62416
36,Male,Bachelor's,Associate,0,54570
42,Male,Bachelor's,IT Support Specialist,1,44941
52,Female,Bachelor's,Professor,16,104052
57,Male,Master's,Project Manager,8,110092
40,Male,Master's,Architect,6,115006
64,Male,Bachelor's,Chief Technology Officer,23,229163
50,Male,PhD,HR Manager,9,117531
30,Male,Master's,Software Engineer,5,103030
33,Female,Bachelor's,Sales Manager,11,99966
37,Male,Bachelor's,IT Support Specialist,3,48021
55,Female,High School,Database Administrator,28,113831
56,Male,High School,Data Scientist,11,98217
58,Male,Bachelor's,Mechanical Engineer,9,101750
44,Male,Master's,Research Scientist,13,131554
53,Male,Master's,Customer Support Specialist,3,48313
56,Male,Bachelor's,Professor,26,135275
55,Male,Bachelor's,Operations Manager,29,141853
23,Male,Bachelor's,Associate,0,48569
59,Female,Master's,Data Analyst,6,93467
46,Male,Master's,Machine Learning Engineer,16,190418
31,Male,Bachelor's,Database Administrator,6,111081
48,Male,Bachelor's,Financial Analyst,7,94621
38,Male,Bachelor's,Associate,1,59906
64,Male,PhD,IT Support Specialist,3,55661
40,Male,PhD,Financial Analyst,2,114271
37,Female,Master's,Product Manager,13,173339
37,Male,Bachelor's,Professor,12,113611
41,Male,PhD,Analyst,3,82236
38,Male,Bachelor's,Marketing Manager,10,97939
63,Male,Master's,Product Manager,35,203123
51,Male,Bachelor's,Database Administrator,18,111776
49,Male,Bachelor's,Analyst,4,74412
59,Male,Master's,Chief Financial Officer,21,251220
55,Male,Bachelor's,Machine Learning Engineer,27,189574
21,Male,Bachelor's,Intern,0,32510
64,Male,Master's,Vice President,21,255500
56,Female,Master's,Operations Manager,12,142744
27,Male,High School,Statistician,6,77635
37,Female,PhD,Data Analyst,3,94603
41,Female,PhD,Associate,3,75398
37,Male,Master's,Civil Engineer,8,103470
62,Male,Master's,Operations Manager,15,136644
63,Female,Master's,Economist,35,169784
55,Male,PhD,Machine Learning Engineer,22,203029
44,Male,Master's,Software Engineer,7,117709
48,Female,Master's,Senior Data Scientist,23,267710
48,Male,Master's,Customer Support Specialist,1,52149
25,Female,Bachelor's,Associate,3,55109
61,Female,Bachelor's,Research Scientist,25,135152
33,Female,Master's,Database Administrator,9,133989
22,Female,PhD,Associate,0,75562
23,Male,Bachelor's,IT Support Specialist,0,44512
44,Female,Bachelor's,Statistician,11,91549
65,Male,PhD,Analyst,0,81681
55,Male,Bachelor's,Database Administrator,7,101375
43,Female,Master's,Marketing Manager,8,107758
41,Male,PhD,Marketing Manager,8,107716
38,Male,Bachelor's,Software Engineer,4,94638
30,Female,Bachelor's,Data Scientist,8,119191
26,Female,Bachelor's,IT Support Specialist,3,47488
52,Female,Master's,Junior Developer,4,72584
61,Male,PhD,Senior Data Scientist,28,294022
51,Male,High School,Cloud Architect,25,160770
55,Female,Master's,Marketing Manager,7,93867
25,Female,Bachelor's,Intern,0,42867
33,Female,Bachelor's,Civil Engineer,7,91924
59,Male,Bachelor's,Accountant,3,68458
59,Male,PhD,Network Engineer,6,104911
40,Male,Master's,Accountant,6,81857
44,Female,PhD,Product Manager,10,182724
22,Female,Bachelor's,Customer Support Specialist,0,38653
56,Female,PhD,Biomedical Engineer,7,119261
57,Female,Master's,Customer Support Specialist,0,53203
48,Male,Bachelor's,IT Support Specialist,2,45399
63,Male,Bachelor's,Lawyer,23,165538
28,Male,PhD,Intern,0,47369
49,Male,PhD,Chief Technology Officer,19,302050
60,Male,Master's,Operations Manager,31,164426
57,Female,PhD,Cloud Architect,25,272069
40,Female,PhD,Systems Administrator,5,100290
37,Female,Master's,Associate,4,67953
36,Female,Master's,Sales Manager,7,114997
52,Female,PhD,Economist,18,153402
41,Male,Master's,Consultant,17,136672
61,Male,Bachelor's,Machine Learning Engineer,17,141363
58,Female,Master's,Senior Data Scientist,34,219156
61,Female,Master's,IT Support Specialist,0,52189
49,Female,Master's,Research Scientist,17,152157
48,Female,Bachelor's,IT Support Specialist,1,49491
37,Male,PhD,IT Support Specialist,0,57302
49,Male,Master's,Economist,19,129949
52,Male,Bachelor's,Customer Support Specialist,1,41955
49,Female,PhD,Research Scientist,16,160625
64,Male,Bachelor's,Database Administrator,28,131277
60,Female,PhD,Database Administrator,26,157886
50,Female,PhD,Chief Executive Officer,15,383515
46,Female,PhD,Civil Engineer,13,131327
40,Female,PhD,Data Scientist,5,132039
33,Male,Master's,Data Analyst,6,82073
26,Female,Master's,Intern,0,40285
35,Female,Bachelor's,Product Manager,7,116106
49,Female,Bachelor's,Chief Financial Officer,18,213681
30,Male,Master's,IT Support Specialist,3,54489
62,Female,Master's,Research Scientist,30,177138
22,Male,Bachelor's,IT Support Specialist,0,38270
28,Male,Bachelor's,Customer Support Specialist,3,38972
49,Female,Bachelor's,Graphic Designer,2,47810
63,Male,Bachelor's,Director of Engineering,25,223851
55,Female,Master's,Product Manager,10,152107
47,Female,Bachelor's,Economist,16,121213
45,Male,Bachelor's,Chief Technology Officer,23,251736
54,Female,PhD,Consultant,8,135609
53,Male,Bachelor's,Architect,9,97060
37,Female,PhD,Associate,2,70073
49,Male,Bachelor's,IT Support Specialist,1,44836
59,Female,Master's,Professor,21,142586
60,Female,Master's,Intern,1,42914
52,Female,PhD,Database Administrator,11,145864
40,Male,PhD,Intern,0,44984
21,Male,PhD,Associate,0,78109
47,Female,Master's,Software Engineer,8,123980
36,Male,PhD,Electrical Engineer,6,130932
45,Male,Bachelor's,Systems Administrator,6,84309
50,Female,Master's,Junior Developer,1,59920
61,Female,Bachelor's,Operations Manager,18,115037
50,Male,PhD,UX Designer,4,136577
64,Female,PhD,Financial Analyst,5,108920
52,Male,PhD,Mechanical Engineer,14,151938
57,Male,High School,Chief Executive Officer,33,234679
42,Female,PhD,Software Engineer,4,124297
36,Male,Master's,Sales Manager,12,135363
45,Female,Bachelor's,Security Engineer,9,130843
46,Male,PhD,Data Scientist,10,155844
31,Female,Bachelor's,Consultant,9,109692
43,Female,Master's,Analyst,0,65180
52,Male,Bachelor's,Graphic Designer,3,59556
60,Male,Bachelor's,Consultant,14,115326
53,Male,PhD,Civil Engineer,5,123904
35,Male,Bachelor's,Customer Support Specialist,1,35478
33,Female,PhD,Accountant,3,75585
57,Female,High School,Economist,29,125152
48,Male,PhD,Analyst,1,80847
33,Male,Master's,Customer Support Specialist,0,45808
41,Male,Master's,Accountant,4,74251
23,Female,Bachelor's,Customer Support Specialist,1,38770
46,Female,PhD,Customer Support Specialist,3,62373
32,Male,Bachelor's,Biomedical Engineer,8,96287
39,Male,PhD,Network Engineer,8,141483
33,Male,Bachelor's,Consultant,5,97814
43,Male,Master's,Network Engineer,7,111811
51,Female,Master's,Marketing Manager,7,96788
55,Male,Master's,Director of Engineering,20,248248
60,Female,PhD,IT Support Specialist,0,55930
33,Male,Bachelor's,Software Engineer,10,119643
22,Female,Bachelor's,IT Support Specialist,0,43346
25,Male,Master's,IT Support Specialist,0,49794
31,Female,Master's,Sales Manager,5,97484
42,Female,Bachelor's,Junior Developer,1,48200
24,Female,High School,Project Manager,6,79695
49,Female,PhD,Project Manager,11,149919
31,Female,Bachelor's,Analyst,0,62550
30,Male,Master's,Intern,0,44714
42,Female,High School,Operations Manager,19,94050
27,Female,Master's,Associate,2,62781
63,Female,PhD,Vice President,32,340572
65,Male,Bachelor's,Chief Technology Officer,35,260102
22,Male,Bachelor's,Intern,0,34438
28,Male,Bachelor's,Accountant,4,66333
27,Female,PhD,Intern,0,48723
54,Male,Bachelor's,Research Scientist,25,139171
56,Male,PhD,Junior Developer,3,79336
29,Male,Bachelor's,Project Manager,6,93038
45,Male,Bachelor's,Director of Engineering,16,240453
54,Male,High School,Software Engineer,11,90685
34,Male,PhD,Business Analyst,2,88848
52,Female,Bachelor's,Marketing Manager,8,80677
43,Female,Master's,Civil Engineer,7,101053
63,Male,Bachelor's,Database Administrator,29,123574
42,Male,Bachelor's,Professor,16,112371
37,Female,Bachelor's,Software Engineer,9,114443
57,Female,High School,Research Scientist,25,121348
59,Female,Master's,Director of Engineering,19,281706
23,Male,PhD,Junior Developer,0,63766
29,Male,Master's,Data Analyst,5,84217
52,Male,Master's,UX Designer,9,137302
29,Female,PhD,Customer Support Specialist,0,50387
36,Male,Master's,Intern,1,41483
26,Female,Master's,Healthcare Specialist,2,76068
31,Male,PhD,Software Engineer,2,121607
32,Female,Bachelor's,Database Administrator,7,116030
65,Male,Master's,Machine Learning Engineer,24,187683
31,Male,PhD,UX Designer,2,87881
55,Male,PhD,Machine Learning Engineer,26,225527
40,Male,Master's,Marketing Manager,9,106145
43,Male,Bachelor's,Analyst,1,60992
53,Female,High School,Database Administrator,30,117048
60,Female,Bachelor's,Machine Learning Engineer,38,180204
48,Female,Bachelor's,Senior Software Engineer,26,190246
50,Male,Master's,Software Engineer,5,125926
34,Female,Master's,Analyst,4,55737
44,Male,Master's,Junior Developer,4,81159
28,Female,PhD,Customer Support Specialist,0,51726
55,Male,Master's,Machine Learning Engineer,21,200319
58,Male,Bachelor's,Security Engineer,36,150247
35,Female,Bachelor's,Systems Administrator,7,73134
43,Male,High School,Software Engineer,2,80932
35,Male,High School,Product Manager,17,117968
24,Female,Master's,Customer Support Specialist,0,43373
50,Male,High School,Vice President,20,203329
40,Male,Bachelor's,IT Support Specialist,4,50642
57,Female,Master's,Marketing Manager,10,100966
35,Male,Master's,Economist,10,127983
48,Male,Bachelor's,Data Scientist,8,116416
26,Male,PhD,Junior Developer,0,73393
41,Male,Bachelor's,Customer Support Specialist,1,41520
55,Male,Master's,Accountant,2,64403
48,Male,Master's,Software Engineer,9,127416
41,Male,Bachelor's,Sales Manager,12,98845
46,Male,PhD,Cloud Architect,13,249688
46,Female,Bachelor's,Business Analyst,2,63363
31,Male,Master's,Teacher,4,70440
21,Male,Bachelor's,Analyst,0,60940
45,Male,Bachelor's,Architect,5,95951
42,Female,PhD,Software Engineer,6,129281
24,Female,High School,Analyst,1,53861
24,Female,PhD,Junior Developer,0,74569
23,Male,High School,IT Support Specialist,0,32081
52,Male,Bachelor's,Chief Financial Officer,25,217287
30,Male,PhD,Teacher,2,66259
23,Male,Master's,Junior Developer,0,57309
43,Female,Master's,Data Scientist,6,126965
25,Male,Master's,IT Support Specialist,0,44102
64,Female,Bachelor's,Chief Financial Officer,25,248999
23,Female,Bachelor's,Customer Support Specialist,1,41914
55,Female,Bachelor's,Operations Manager,21,130638
30,Male,Master's,Analyst,1,73725
31,Female,Bachelor's,Data Analyst,3,60081
53,Female,PhD,Chief Financial Officer,19,342252
57,Female,PhD,Economist,23,166362
51,Female,Master's,Senior Data Scientist,27,234503
39,Male,High School,Statistician,13,85965
56,Female,Master's,Sales Manager,12,105970
29,Female,PhD,Associate,0,62380
34,Female,Master's,Accountant,7,86353
56,Female,Bachelor's,Economist,17,135560
60,Male,Master's,Chief Executive Officer,28,311403
31,Male,Master's,Analyst,0,60015
28,Male,Bachelor's,Systems Administrator,5,74545
48,Female,PhD,Senior Data Scientist,20,291851
43,Female,Master's,Vice President,17,278639
60,Male,PhD,Sales Manager,5,112426
41,Female,PhD,Graphic Designer,3,67759
59,Male,PhD,Business Analyst,4,92268
25,Male,Bachelor's,Customer Support Specialist,1,37877
55,Male,Bachelor's,Vice President,22,205440
31,Female,High School,Intern,0,30571
54,Female,PhD,Cloud Architect,21,254042
27,Male,Bachelor's,Analyst,3,65971
57,Male,PhD,Chief Executive Officer,29,354245
55,Male,PhD,Economist,25,145790
49,Female,Bachelor's,Operations Manager,25,117992
64,Male,High School,Data Scientist,5,86538
49,Male,Bachelor's,Data Scientist,13,120516
54,Male,PhD,Database Administrator,19,160674
40,Male,Master's,DevOps Engineer,9,153205
26,Male,PhD,IT Support Specialist,0,50491
65,Male,Bachelor's,Vice President,39,282345
52,Female,Bachelor's,UX Designer,2,75320
53,Male,Bachelor's,Customer Support Specialist,1,40212
51,Male,Bachelor's,Cloud Architect,20,208511
55,Female,PhD,Vice President,18,281040
61,Female,Master's,Research Scientist,13,131842
33,Male,PhD,Analyst,2,85086
58,Male,Bachelor's,Chief Executive Officer,32,268277
55,Female,High School,Consultant,21,113810
55,Female,Bachelor's,Product Manager,30,164369
50,Male,Master's,Teacher,4,59983
26,Female,Bachelor's,Junior Developer,0,47106
51,Female,Bachelor's,Security Engineer,7,119134
49,Female,PhD,Healthcare Specialist,3,86777
48,Female,Bachelor's,Financial Analyst,9,102118
32,Female,Bachelor's,Junior Developer,2,52806
59,Male,Bachelor's,Database Administrator,10,102069
36,Female,Bachelor's,Teacher,3,64247
63,Female,PhD,Customer Support Specialist,2,62669
61,Male,Master's,Project Manager,9,128822
48,Female,Master's,Machine Learning Engineer,23,181112
29,Female,Bachelor's,Statistician,6,91699
34,Female,Bachelor's,Software Engineer,4,89561
37,Female,Master's,Data Analyst,8,90285
31,Male,Master's,Financial Analyst,3,90128
35,Female,Master's,Customer Support Specialist,3,59215
27,Male,Bachelor's,UX Designer,3,91618
35,Female,Master's,Associate,1,64847
55,Male,PhD,Database Administrator,18,172708
39,Female,High School,Data Analyst,2,47439
35,Female,PhD,Project Manager,5,126773
45,Male,Master's,Database Administrator,18,136267
44,Female,PhD,Biomedical Engineer,6,140405
29,Female,PhD,Analyst,0,81991
24,Male,Bachelor's,Junior Developer,2,58696
23,Female,Bachelor's,IT Support Specialist,1,40091
60,Male,Bachelor's,Data Scientist,9,105847
45,Male,Master's,Mechanical Engineer,12,127237
34,Female,Master's,UX Designer,3,97879
40,Male,Bachelor's,Systems Administrator,7,83576
55,Male,High School,Mechanical Engineer,9,80738
35,Male,Bachelor's,Healthcare Specialist,4,64354
52,Male,Bachelor's,Operations Manager,18,112446
47,Female,Bachelor's,Chief Financial Officer,15,227267
62,Male,Master's,Marketing Manager,5,100304
32,Female,Bachelor's,Analyst,0,57884
37,Female,PhD,Customer Support Specialist,3,49649
29,Female,Bachelor's,IT Support Specialist,3,50122
63,Female,Bachelor's,Graphic Designer,3,58488
26,Male,PhD,Analyst,0,70747
33,Male,Bachelor's,Product Manager,9,156850
30,Female,Master's,Database Administrator,6,115506
33,Male,Bachelor's,DevOps Engineer,7,111416
36,Female,Bachelor's,Software Engineer,10,101586
40,Male,Master's,Database Administrator,12,123070
64,Male,Bachelor's,Security Engineer,13,139427
49,Male,PhD,Software Engineer,13,143277
47,Male,High School,Biomedical Engineer,9,75326
46,Female,Master's,Senior Software Engineer,17,216269
37,Female,Master's,Financial Analyst,7,104987
62,Male,Bachelor's,Junior Developer,3,55703
25,Female,Bachelor's,Healthcare Specialist,3,73211
45,Female,Master's,DevOps Engineer,5,138731
43,Male,Master's,Network Engineer,7,102446
61,Female,Master's,Director of Engineering,19,271454
38,Female,Master's,Project Manager,5,105196
57,Male,High School,Senior Data Scientist,38,178379
35,Female,Master's,Junior Developer,1,63817
60,Male,Master's,DevOps Engineer,9,141855
29,Female,Bachelor's,Healthcare Specialist,3,67038
36,Male,Master's,Data Scientist,6,127980
52,Male,PhD,Sales Manager,9,132775
46,Female,PhD,Operations Manager,17,155637
22,Male,PhD,Customer Support Specialist,0,48348
55,Female,PhD,Accountant,3,85521
55,Female,Bachelor's,Lawyer,26,184150
25,Male,Master's,Customer Support Specialist,1,41618
36,Male,Bachelor's,Senior Software Engineer,13,177730
28,Female,Bachelor's,UX Designer,6,81319
60,Male,PhD,Security Engineer,32,235270
49,Female,PhD,Product Manager,12,157300
57,Male,Bachelor's,Database Administrator,17,129976
34,Female,Bachelor's,Accountant,7,73299
65,Male,Bachelor's,Machine Learning Engineer,37,193864
41,Female,Master's,Accountant,6,70207
58,Male,High School,Product Manager,28,157262
40,Female,Master's,Marketing Manager,9,114719
46,Female,Bachelor's,UX Designer,4,87727
58,Female,Bachelor's,Security Engineer,22,139645
30,Male,High School,Software Engineer,5,74089
27,Female,PhD,Junior Developer,0,71424
39,Female,PhD,Data Analyst,9,104484
59,Male,Master's,Lawyer,19,201657
28,Male,Master's,Analyst,2,78695
38,Female,PhD,Product Manager,6,147137
24,Female,Bachelor's,Customer Support Specialist,1,39979
58,Male,Master's,UX Designer,6,115978
39,Male,Bachelor's,Civil Engineer,9,100727
39,Male,Master's,Data Analyst,5,85702
52,Male,Master's,Operations Manager,22,133955
63,Female,Master's,Database Administrator,33,142023
59,Female,High School,Marketing Manager,9,73116
24,Female,Bachelor's,Junior Developer,0,44258
50,Female,Master's,Security Engineer,25,143040
54,Female,Bachelor's,Associate,0,52558
58,Female,Master's,Product Manager,33,205965
41,Female,Bachelor's,Architect,13,107372
26,Female,PhD,Analyst,0,72734
52,Female,Master's,Network Engineer,8,99158
28,Male,Master's,Associate,2,60482
42,Male,Master's,Consultant,16,136334
26,Female,PhD,Associate,0,70198
56,Male,PhD,Software Engineer,11,145656
36,Male,Bachelor's,Electrical Engineer,6,97538
24,Male,Bachelor's,Analyst,1,63660
34,Male,Master's,Customer Support Specialist,0,48150
50,Male,PhD,Customer Support Specialist,1,54685
44,Male,Bachelor's,Economist,13,117173
40,Male,PhD,Analyst,0,81283
65,Female,PhD,Analyst,0,87581
46,Female,Bachelor's,Product Manager,7,124663
39,Male,PhD,Associate,0,60462
30,Male,Master's,Biomedical Engineer,6,116164
59,Male,Bachelor's,Senior Software Engineer,13,157226
53,Female,Master's,Director of Engineering,29,265516
46,Male,Master's,Security Engineer,21,178555
47,Male,Bachelor's,Cloud Architect,11,202654
55,Male,Master's,Chief Technology Officer,24,326900
63,Male,PhD,IT Support Specialist,3,58173
39,Female,PhD,Accountant,2,81467
46,Male,Master's,Consultant,20,143417
40,Male,Master's,Graphic Designer,2,58943
41,Female,Bachelor's,Product Manager,8,116823
35,Female,PhD,DevOps Engineer,5,154737
58,Male,Bachelor's,Senior Software Engineer,18,205998
49,Male,PhD,Lawyer,13,253803
25,Male,Master's,Analyst,0,72486
26,Female,Bachelor's,Financial Analyst,4,78793
62,Female,Bachelor's,Director of Engineering,34,273515
34,Male,Master's,Marketing Manager,9,100906
56,Male,Bachelor's,Operations Manager,23,135290
65,Male,Master's,Junior Developer,4,67506
57,Male,High School,Consultant,33,128398
42,Female,Bachelor's,Machine Learning Engineer,14,140675
30,Female,Master's,Junior Developer,1,61231
29,Female,PhD,Customer Support Specialist,1,55335
36,Male,Bachelor's,Financial Analyst,3,89659
28,Male,Master's,Junior Developer,0,69658
48,Male,Bachelor's,Operations Manager,22,123927
21,Female,PhD,Intern,0,46184
38,Male,PhD,Accountant,6,94093
49,Male,PhD,Vice President,21,356649
24,Male,PhD,Junior Developer,0,62896
41,Male,Bachelor's,Machine Learning Engineer,16,142134
60,Male,Bachelor's,Database Administrator,33,140770
40,Female,Bachelor's,Electrical Engineer,7,102263
27,Female,PhD,IT Support Specialist,0,56033
55,Female,Master's,Data Scientist,12,134026
26,Female,Bachelor's,Business Analyst,4,75377
56,Male,High School,Chief Financial Officer,15,174225
39,Female,Bachelor's,Network Engineer,7,90166
51,Male,Master's,Software Engineer,4,97662
64,Male,High School,Product Manager,34,147724
58,Male,Bachelor's,Product Manager,23,159955
31,Female,Master's,Sales Manager,7,106481
29,Female,Master's,Teacher,4,57003
53,Male,Bachelor's,Lawyer,19,149517
65,Female,Master's,Product Manager,16,160946
61,Male,PhD,Senior Software Engineer,10,222917
37,Male,PhD,Financial Analyst,2,105945
29,Female,Bachelor's,UX Designer,2,90953
45,Male,Master's,Business Analyst,3,80473
48,Female,Master's,Statistician,10,119962
63,Male,Bachelor's,Software Engineer,14,99090
62,Male,PhD,Associate,4,76844
55,Female,PhD,Customer Support Specialist,0,47482
44,Female,Master's,Senior Software Engineer,11,202643
28,Male,High School,Business Analyst,3,48545
43,Female,Bachelor's,Data Scientist,7,100712
35,Female,Bachelor's,Cloud Architect,13,150520
43,Female,Master's,Economist,11,125300
55,Female,Bachelor's,Director of Engineering,33,257564
28,Male,Bachelor's,Data Analyst,6,78388
57,Male,Bachelor's,Chief Technology Officer,17,236879
42,Female,Bachelor's,Data Scientist,13,112826
38,Female,High School,Operations Manager,18,100427
32,Male,Bachelor's,Healthcare Specialist,4,73098
35,Female,Bachelor's,Electrical Engineer,11,101763
34,Male,Master's,DevOps Engineer,8,126360
64,Male,Bachelor's,Product Manager,41,168750
52,Female,Bachelor's,Vice President,28,220729
24,Female,Bachelor's,IT Support Specialist,0,44015
45,Male,Master's,Consultant,17,148371
52,Male,Master's,Statistician,9,109263
39,Female,Master's,Data Scientist,6,134549
38,Female,PhD,Accountant,2,73805
24,Male,Bachelor's,Intern,1,37417
51,Male,Bachelor's,Security Engineer,23,162118
52,Female,Bachelor's,Security Engineer,12,132875
59,Female,Master's,Director of Engineering,35,275890
30,Male,Bachelor's,UX Designer,4,92967
52,Female,Bachelor's,Research Scientist,14,124050
21,Male,Master's,Analyst,0,63696
29,Female,Bachelor's,Healthcare Specialist,3,69877
25,Male,Master's,Junior Developer,0,71847
58,Female,High School,Economist,11,88751
25,Male,Master's,IT Support Specialist,0,54074
58,Male,Master's,Cloud Architect,13,213080
59,Female,Bachelor's,Civil Engineer,8,80238
45,Male,Bachelor's,Sales Manager,10,94746
60,Male,Master's,Economist,34,168458
47,Female,Master's,Database Administrator,18,132839
55,Female,Master's,Senior Software Engineer,30,240406
26,Male,PhD,Associate,0,81099
32,Female,Bachelor's,Financial Analyst,2,68614
44,Male,Master's,Electrical Engineer,7,112493
65,Male,High School,Software Engineer,11,105971
33,Female,Bachelor's,Security Engineer,10,128738
26,Female,Bachelor's,UX Designer,4,87828
53,Female,PhD,Intern,1,51212
34,Female,Bachelor's,Accountant,5,75486
34,Male,High School,Associate,4,48064
42,Female,Bachelor's,IT Support Specialist,4,51063
46,Female,Master's,Professor,16,136618
53,Male,PhD,Financial Analyst,4,125670
44,Female,PhD,Vice President,15,281042
28,Male,PhD,Intern,0,45414
65,Female,PhD,Research Scientist,30,192505
43,Male,PhD,Data Analyst,2,85064
24,Female,High School,Healthcare Specialist,2,64272
43,Male,PhD,Marketing Manager,9,118122
31,Male,Master's,Financial Analyst,7,106877
42,Female,PhD,Accountant,6,87613
64,Male,PhD,Lawyer,26,239764
33,Male,Master's,Consultant,8,137619
33,Male,PhD,Mechanical Engineer,5,112939
37,Female,Bachelor's,Systems Administrator,9,86278
54,Male,High School,Chief Financial Officer,20,203989
65,Male,Bachelor's,Senior Software Engineer,37,217836
29,Female,Master's,Software Engineer,4,104792
53,Female,Bachelor's,Professor,20,105387
29,Female,Master's,Junior Developer,2,64462
61,Female,Bachelor's,Accountant,8,70527
30,Female,Master's,DevOps Engineer,5,135307
27,Male,Master's,Customer Support Specialist,3,50053
28,Male,Bachelor's,DevOps Engineer,5,113012
50,Male,Bachelor's,Security Engineer,24,149503
28,Female,Master's,IT Support Specialist,3,59627
24,Female,Master's,Intern,0,35833
32,Female,Bachelor's,Database Administrator,10,103387
42,Male,PhD,IT Support Specialist,1,55456
54,Male,PhD,Data Analyst,5,96524
61,Male,PhD,Cloud Architect,29,311186
32,Male,Bachelor's,Junior Developer,3,58247
28,Male,PhD,Junior Developer,0,67162
44,Female,Master's,Research Scientist,17,170582
24,Male,Bachelor's,IT Support Specialist,0,37993
36,Female,Master's,Accountant,4,78726
49,Male,Bachelor's,Intern,1,37217
24,Male,PhD,Customer Support Specialist,0,46713
43,Female,Master's,DevOps Engineer,12,146883
44,Female,PhD,Software Engineer,11,132822
23,Female,Bachelor's,Analyst,0,58235
40,Female,Master's,Consultant,13,143231
43,Male,Master's,UX Designer,2,100344
51,Female,Master's,Consultant,16,157256
30,Female,Bachelor's,Database Administrator,5,105692
56,Male,PhD,Lawyer,28,235135
24,Female,Bachelor's,Junior Developer,1,53191
54,Male,Master's,Accountant,5,76113
50,Female,PhD,Chief Financial Officer,18,258733
65,Male,High School,Vice President,17,161292
44,Male,Master's,Research Scientist,19,162237
30,Female,Bachelor's,Accountant,3,66928
26,Female,Bachelor's,Accountant,3,56873
46,Male,Master's,Data Scientist,6,117673
56,Male,High School,Machine Learning Engineer,34,174445
30,Male,PhD,Accountant,2,78791
63,Female,Bachelor's,Operations Manager,39,114750
35,Male,High School,Biomedical Engineer,6,84470
23,Male,Master's,IT Support Specialist,0,48852
31,Male,Bachelor's,Civil Engineer,7,82321
55,Female,High School,Chief Executive Officer,23,252036
30,Male,Master's,Associate,3,63211
48,Male,High School,Product Manager,9,104139
52,Male,Master's,Customer Support Specialist,0,46044
50,Male,Master's,Economist,23,146264
55,Male,Bachelor's,DevOps Engineer,12,144067
30,Male,Bachelor's,Teacher,3,55038
45,Male,High School,Network Engineer,7,75275
29,Female,Bachelor's,Teacher,4,49054
47,Male,Master's,Consultant,10,123568
42,Female,Master's,Architect,8,122631
44,Male,Master's,Project Manager,9,127951
60,Female,Master's,Professor,29,127643
28,Male,Bachelor's,Security Engineer,5,120282
27,Male,Bachelor's,Teacher,3,56935
33,Female,Bachelor's,Civil Engineer,11,99078
42,Male,Master's,Civil Engineer,7,99495
34,Male,Master's,Systems Administrator,9,95938
41,Male,Bachelor's,Civil Engineer,12,102978
24,Male,Bachelor's,Teacher,2,48921
35,Male,PhD,Intern,0,45270
44,Female,Master's,Consultant,19,155165
65,Female,Master's,Operations Manager,21,130215
50,Male,High School,Security Engineer,18,129079
26,Male,Master's,Intern,0,37087
59,Female,Bachelor's,Senior Data Scientist,29,226594
28,Male,PhD,Analyst,0,87687
27,Male,PhD,Associate,0,70117
39,Male,Master's,Software Engineer,5,129254
34,Male,Master's,Intern,0,43349
43,Female,Bachelor's,Data Analyst,6,67519
64,Male,Bachelor's,Chief Executive Officer,20,258680
64,Male,PhD,Database Administrator,18,139029
36,Female,PhD,Junior Developer,0,68070
50,Male,Bachelor's,Technical Writer,13,88184
29,Female,Master's,Graphic Designer,3,58110
38,Male,PhD,Customer Support Specialist,4,69415
52,Female,Bachelor's,Database Administrator,21,129717
37,Male,Bachelor's,Analyst,0,58654
35,Female,Bachelor's,Database Administrator,7,105029
31,Male,Master's,Statistician,6,133495
59,Male,Bachelor's,Product Manager,13,143809
56,Female,Bachelor's,Lawyer,17,173473
63,Male,Master's,Economist,11,111653
23,Male,Bachelor's,Associate,1,57998
64,Male,Bachelor's,Software Engineer,5,100673
44,Male,Bachelor's,Security Engineer,7,120401
49,Female,Bachelor's,HR Manager,8,69905
43,Female,Bachelor's,Accountant,6,66470
26,Male,Bachelor's,Associate,4,60753
41,Female,Bachelor's,Analyst,1,72446
36,Male,PhD,Sales Manager,5,129356
51,Female,Master's,Cloud Architect,24,236126
44,Male,PhD,Electrical Engineer,8,128850
33,Male,Master's,Data Scientist,7,156911
62,Female,Master's,Product Manager,36,193249
42,Female,Master's,Healthcare Specialist,2,83867
48,Male,PhD,Electrical Engineer,10,147328
21,Male,Bachelor's,Associate,0,59578
26,Male,Bachelor's,Analyst,3,72206
31,Female,Bachelor's,Mechanical Engineer,6,85419
42,Male,Master's,Machine Learning Engineer,13,160183
53,Male,Bachelor's,Research Scientist,28,125852
31,Female,PhD,Healthcare Specialist,2,98289
24,Female,High School,UX Designer,3,71923
22,Female,Bachelor's,IT Support Specialist,0,43894
39,Male,Master's,Financial Analyst,4,97394
36,Male,High School,Data Scientist,6,106234
30,Female,Bachelor's,Graphic Designer,3,57077
49,Female,PhD,Product Manager,13,173583
32,Male,Bachelor's,Business Analyst,2,64626
41,Male,Bachelor's,Economist,13,119884
41,Male,Master's,Consultant,8,135645
38,Male,Bachelor's,Consultant,10,143174
64,Female,Master's,Research Scientist,31,162946
64,Male,Master's,Director of Engineering,16,262533
53,Male,Master's,Cloud Architect,28,224988
25,Female,Master's,IT Support Specialist,1,51501
49,Male,Bachelor's,IT Support Specialist,1,38359
30,Female,Master's,Business Analyst,3,91251
39,Female,Master's,Healthcare Specialist,2,78550
50,Male,Bachelor's,Machine Learning Engineer,25,154709
40,Male,PhD,Analyst,4,81028
53,Male,Master's,Product Manager,18,176865
54,Female,Bachelor's,Professor,11,123256
52,Female,PhD,Senior Software Engineer,19,256218
28,Male,PhD,Analyst,0,76712
47,Female,PhD,Operations Manager,10,116248
57,Female,PhD,Economist,26,158689
45,Male,PhD,Software Engineer,9,136192
50,Male,Bachelor's,Technical Writer,12,76186
38,Male,PhD,Associate,0,64404
42,Female,Master's,Operations Manager,12,120726
57,Male,Master's,Database Administrator,11,101699
22,Male,Bachelor's,IT Support Specialist,0,40303
62,Male,High School,Systems Administrator,6,66701
43,Male,Master's,Economist,14,134324
47,Male,Bachelor's,Customer Support Specialist,4,45024
43,Male,Master's,Junior Developer,0,65165
27,Male,Master's,Associate,1,57567
65,Female,Bachelor's,Cloud Architect,30,209361
37,Female,Master's,Architect,11,122954
40,Male,Bachelor's,UX Designer,8,88165
30,Female,Bachelor's,Marketing Manager,7,77956
60,Male,Bachelor's,Associate,4,61482
62,Female,Bachelor's,Project Manager,9,87747
63,Female,Master's,Lawyer,29,216137
37,Female,PhD,Marketing Manager,5,98435
52,Male,Bachelor's,Professor,25,139919
31,Female,Bachelor's,Software Engineer,2,83953
28,Female,Master's,Accountant,4,80643
23,Male,Bachelor's,Associate,1,67963
28,Female,Bachelor's,Accountant,2,58215
50,Male,Bachelor's,Software Engineer,6,93813
64,Male,Master's,Lawyer,18,210930
28,Male,PhD,Associate,0,75234
65,Female,Bachelor's,Lawyer,24,160082
57,Male,Master's,Research Scientist,15,138163
42,Male,Bachelor's,Sales Manager,6,93578
58,Female,Bachelor's,Marketing Manager,12,85856
26,Female,Master's,IT Support Specialist,1,56235
47,Female,Bachelor's,Operations Manager,13,104698
41,Female,Bachelor's,Junior Developer,2,54938
32,Female,Master's,UX Designer,2,113109
46,Male,PhD,Associate,0,73767
49,Male,Bachelor's,Data Analyst,6,75947
42,Male,High School,Security Engineer,22,126865
27,Male,PhD,Analyst,0,84961
22,Female,Bachelor's,Junior Developer,0,52231
49,Female,Bachelor's,Marketing Manager,7,68960
24,Male,PhD,Junior Developer,0,66451
27,Male,Master's,IT Support Specialist,0,52827
25,Male,PhD,Junior Developer,0,55144
27,Female,PhD,Intern,0,44255
29,Female,High School,Consultant,10,102199
27,Male,Bachelor's,Junior Developer,2,54367
53,Female,PhD,Director of Engineering,24,275559
55,Male,Bachelor's,Operations Manager,15,120461
29,Male,PhD,IT Support Specialist,1,66300
61,Male,PhD,Director of Engineering,33,292726
47,Female,Master's,Professor,21,118711
28,Female,Bachelor's,Architect,5,97867
54,Female,PhD,Electrical Engineer,8,123052
28,Female,Master's,Graphic Designer,4,55142
43,Female,Bachelor's,Associate,0,51722
21,Male,Bachelor's,IT Support Specialist,0,47578
25,Male,PhD,Intern,0,39230
42,Male,Bachelor's,Consultant,13,134033
21,Male,Bachelor's,Associate,0,57815
44,Female,PhD,Statistician,6,136060
36,Male,Master's,Software Engineer,2,106571
54,Male,Bachelor's,Lawyer,18,168972
29,Female,Master's,Analyst,1,66877
23,Female,Bachelor's,IT Support Specialist,0,42254
58,Female,High School,Security Engineer,40,146852
47,Female,Master's,Senior Data Scientist,17,227973
35,Male,Master's,Sales Manager,7,105075
65,Male,Master's,Customer Support Specialist,0,49470
34,Female,Bachelor's,Security Engineer,11,123322
33,Male,Master's,Database Administrator,8,116722
21,Male,Bachelor's,IT Support Specialist,0,41638
38,Male,PhD,Healthcare Specialist,4,80325
34,Male,PhD,Intern,0,44487
22,Male,Bachelor's,Associate,0,51722
29,Female,Bachelor's,Marketing Manager,5,94570
57,Male,Bachelor's,Associate,3,49918
32,Male,PhD,Healthcare Specialist,3,105760
58,Female,Master's,Project Manager,8,119527
57,Male,Bachelor's,Database Administrator,12,119793
42,Female,PhD,Architect,5,117426
45,Male,Master's,Customer Support Specialist,1,48711
52,Male,PhD,Machine Learning Engineer,15,210857
59,Female,Bachelor's,Director of Engineering,30,277442
25,Female,Master's,Associate,1,62372
38,Female,Master's,Software Engineer,8,120094
47,Male,PhD,Vice President,16,260841
53,Female,PhD,Architect,5,127549
32,Male,Master's,Analyst,0,76607
51,Male,Master's,Financial Analyst,3,93022
56,Female,Bachelor's,Junior Developer,0,60368
54,Female,Bachelor's,Professor,10,99327
23,Female,Bachelor's,Intern,1,37661
23,Female,High School,DevOps Engineer,5,85518
48,Male,Master's,Accountant,4,87822
26,Female,Bachelor's,Customer Support Specialist,1,37726
37,Male,Bachelor's,Project Manager,13,112246
35,Female,Master's,Sales Manager,8,103659
64,Male,Bachelor's,Data Analyst,2,80035
48,Female,PhD,Software Engineer,13,138623
65,Male,PhD,Mechanical Engineer,7,118243
48,Male,PhD,Security Engineer,10,194143
63,Male,PhD,DevOps Engineer,6,148358
38,Female,Master's,Statistician,13,106817
45,Female,Bachelor's,HR Manager,5,81648
34,Male,Bachelor's,Associate,2,56736
50,Male,Bachelor's,Lawyer,13,155044
29,Female,Master's,Business Analyst,2,80155
26,Male,Master's,Customer Support Specialist,0,47938
54,Female,Master's,Research Scientist,18,142149
53,Female,Bachelor's,Security Engineer,29,156639
43,Female,Master's,Database Administrator,12,137211
36,Female,Bachelor's,Associate,4,63828
58,Female,Master's,Director of Engineering,24,278465
62,Female,Master's,Chief Financial Officer,38,311290
63,Male,Bachelor's,Civil Engineer,13,100555
46,Female,PhD,Database Administrator,13,141086
33,Female,PhD,Customer Support Specialist,1,49206
47,Male,Bachelor's,Network Engineer,5,88112
34,Female,Bachelor's,DevOps Engineer,11,129383
42,Female,Master's,Accountant,5,70881
52,Female,Master's,Software Engineer,7,127937
26,Female,Bachelor's,Customer Support Specialist,0,41946
39,Male,PhD,Sales Manager,10,144751
62,Male,Bachelor's,Vice President,38,268133
50,Male,Master's,Sales Manager,6,116268
31,Male,PhD,Junior Developer,0,69142
51,Male,PhD,Director of Engineering,17,277760
58,Female,Master's,Senior Software Engineer,27,219457
31,Male,Bachelor's,UX Designer,8,95259
37,Female,Master's,Sales Manager,6,94896
30,Male,Master's,Systems Administrator,5,96492
35,Female,Master's,Software Engineer,8,129135
55,Male,Bachelor's,Economist,26,140842
55,Male,PhD,Product Manager,27,213620
58,Female,Master's,Chief Executive Officer,34,357942
56,Female,Master's,Customer Support Specialist,2,44673
60,Female,PhD,Chief Technology Officer,27,363560
48,Male,Bachelor's,Research Scientist,15,135822
58,Female,PhD,Customer Support Specialist,4,61551
32,Female,Master's,Teacher,4,65985
39,Male,Master's,Marketing Manager,9,115516
64,Male,PhD,Junior Developer,0,64173
55,Male,Master's,Senior Data Scientist,19,251282
31,Male,Bachelor's,Electrical Engineer,8,95834
30,Female,Master's,Associate,0,57048
32,Female,Master's,Junior Developer,0,65968
39,Female,PhD,Analyst,1,77515
55,Male,PhD,Financial Analyst,3,106531
43,Male,Master's,Intern,0,37520
39,Female,Bachelor's,Customer Support Specialist,1,37469
45,Male,PhD,Operations Manager,11,128641
46,Male,Bachelor's,Graphic Designer,3,54680
27,Female,Bachelor's,UX Designer,3,78751
60,Female,Bachelor's,Product Manager,14,138958
38,Male,Master's,Associate,0,61623
32,Female,Bachelor's,Data Scientist,6,102755
61,Male,High School,Project Manager,6,74034
61,Female,PhD,Operations Manager,18,165366
64,Female,Master's,Lawyer,19,196719
31,Female,Master's,Database Administrator,5,116535
24,Male,Bachelor's,Analyst,1,57352
31,Male,PhD,Analyst,1,87398
62,Female,PhD,Healthcare Specialist,3,90952
63,Female,Master's,Sales Manager,14,125514
29,Male,High School,Accountant,3,57059
38,Female,High School,Financial Analyst,6,66511
40,Female,Master's,Database Administrator,9,108153
26,Female,Bachelor's,Software Engineer,2,90468
50,Male,Bachelor's,Database Administrator,17,101897
55,Female,PhD,Senior Software Engineer,22,273692
37,Male,Bachelor's,Vice President,15,211199
51,Female,Bachelor's,Business Analyst,2,74442
58,Female,Master's,Product Manager,14,158553
35,Female,Master's,Database Administrator,8,124233
45,Female,Bachelor's,Biomedical Engineer,5,89133
39,Male,Master's,Senior Software Engineer,10,176903
43,Female,Master's,Product Manager,19,198286
35,Female,High School,Data Analyst,9,65069
59,Male,Bachelor's,Database Administrator,31,137503
35,Male,Bachelor's,Technical Writer,10,78023
64,Female,Bachelor's,Economist,26,126226
65,Male,High School,Civil Engineer,9,67475
61,Male,Bachelor's,Product Manager,8,107355
60,Female,PhD,Analyst,3,80933
31,Male,Master's,IT Support Specialist,3,56933
32,Female,Bachelor's,Consultant,8,99158
40,Female,Bachelor's,Technical Writer,12,79007
60,Female,Master's,Associate,4,63617
56,Male,Bachelor's,Director of Engineering,16,230886
40,Female,Master's,Operations Manager,12,133912
30,Male,Bachelor's,Customer Support Specialist,1,42035
35,Male,Bachelor's,HR Manager,6,72357
51,Male,Master's,Electrical Engineer,6,124752
65,Female,Master's,Vice President,23,304413
53,Male,Bachelor's,Consultant,16,119511
43,Female,PhD,Product Manager,9,132874
45,Male,Master's,Security Engineer,8,139783
22,Female,Bachelor's,Associate,0,57095
46,Female,Master's,Data Analyst,3,82845
26,Male,Bachelor's,Associate,0,52454
42,Male,Master's,Consultant,8,140288
40,Male,High School,DevOps Engineer,13,115275
52,Female,High School,Machine Learning Engineer,16,136674
44,Male,Bachelor's,Research Scientist,16,133030
60,Male,Bachelor's,DevOps Engineer,9,128383
41,Female,Master's,Business Analyst,2,80283
64,Male,PhD,Senior Data Scientist,19,238932
56,Female,PhD,Operations Manager,26,176232
44,Male,PhD,Mechanical Engineer,10,130229
52,Female,Master's,Mechanical Engineer,7,107903
42,Male,Bachelor's,Sales Manager,13,94457
26,Female,Bachelor's,Teacher,4,53952
41,Male,PhD,Financial Analyst,6,126046
33,Male,Bachelor's,Civil Engineer,9,80605
56,Male,Bachelor's,Mechanical Engineer,5,96282
29,Male,Bachelor's,Intern,0,37016
21,Male,Bachelor's,Intern,0,37605
22,Female,High School,Business Analyst,3,53929
55,Male,PhD,Vice President,19,318828
34,Female,PhD,Software Engineer,3,114283
21,Male,Master's,Junior Developer,0,61935
37,Female,Master's,Software Engineer,3,88225
34,Male,Master's,Project Manager,7,128464
32,Female,Bachelor's,Software Engineer,2,87907
43,Male,PhD,Consultant,5,133007
27,Female,Master's,IT Support Specialist,0,48415
34,Male,PhD,Systems Administrator,5,105453
45,Female,Master's,Cloud Architect,17,195284
62,Female,PhD,Economist,12,139464
36,Male,Bachelor's,Analyst,0,55980
57,Female,Bachelor's,Product Manager,33,146697
33,Male,Bachelor's,IT Support Specialist,1,42061
57,Male,Master's,Cloud Architect,17,225347
22,Male,High School,Business Analyst,2,54501
60,Female,Master's,Consultant,6,100352
25,Female,Bachelor's,Associate,1,47968
47,Male,Bachelor's,Cloud Architect,20,194004
38,Male,Master's,Associate,1,61783
30,Female,Master's,Intern,0,41736
27,Male,Bachelor's,Software Engineer,5,89627
48,Male,Bachelor's,Network Engineer,5,97630
63,Female,PhD,Chief Executive Officer,35,396475
32,Male,Master's,Analyst,2,80622
60,Male,Bachelor's,Senior Software Engineer,12,163511
40,Male,Bachelor's,Architect,12,116819
55,Male,Master's,Marketing Manager,9,113943
34,Male,Master's,Statistician,10,113804
59,Female,Bachelor's,Sales Manager,6,85570
40,Male,Bachelor's,Civil Engineer,6,92843
61,Male,High School,Civil Engineer,9,75609
53,Male,Master's,Operations Manager,16,162748
44,Male,Bachelor's,Civil Engineer,14,108065
43,Female,Bachelor's,Systems Administrator,9,70499
42,Female,Bachelor's,Security Engineer,7,122260
36,Male,Master's,Research Scientist,10,128191
37,Female,Bachelor's,Mechanical Engineer,10,90770
44,Male,Bachelor's,Associate,0,53395
60,Male,Master's,Consultant,7,130674
34,Female,Master's,HR Manager,5,103786
55,Male,PhD,Chief Financial Officer,20,353954
59,Female,Bachelor's,Chief Technology Officer,22,243181
30,Male,Bachelor's,Software Engineer,5,93225
65,Male,PhD,Database Administrator,9,122512
36,Male,Bachelor's,HR Manager,8,91867
40,Female,Master's,Software Engineer,14,124711
40,Male,Master's,Junior Developer,4,68385
28,Female,Master's,Associate,0,59675
46,Female,Master's,Project Manager,6,103538
45,Male,PhD,Customer Support Specialist,3,51156
42,Male,Bachelor's,Consultant,10,111900
37,Male,Master's,Customer Support Specialist,0,48395
53,Male,Master's,Sales Manager,8,118609
58,Male,PhD,Product Manager,9,173267
37,Male,PhD,Financial Analyst,8,118633
33,Female,Master's,Teacher,4,60953
35,Female,Master's,Financial Analyst,2,85487
60,Male,Bachelor's,Vice President,38,256086
24,Female,Bachelor's,Data Analyst,2,69878
64,Female,Master's,Operations Manager,30,153834
37,Female,Bachelor's,Analyst,1,62298
37,Female,PhD,Healthcare Specialist,4,93398
35,Male,Bachelor's,DevOps Engineer,10,138118
38,Female,PhD,Network Engineer,5,99306
42,Male,Master's,Teacher,3,70598
41,Female,Master's,Associate,1,55941
64,Male,Master's,Machine Learning Engineer,24,207861
31,Male,Bachelor's,UX Designer,2,88968
53,Male,Master's,Data Scientist,6,149768
58,Male,Master's,Senior Software Engineer,21,202986
61,Female,High School,Research Scientist,42,121079
32,Male,PhD,Associate,1,76227
30,Male,Master's,Accountant,2,64196
42,Female,PhD,Healthcare Specialist,2,96638
56,Male,High School,Chief Technology Officer,38,251299
64,Female,High School,Security Engineer,41,139833
38,Male,Master's,Architect,12,110183
60,Male,High School,Operations Manager,39,107434
25,Male,PhD,Junior Developer,0,68889
40,Male,Master's,Cloud Architect,16,241356
26,Female,Bachelor's,Analyst,0,64753
58,Male,Bachelor's,Director of Engineering,35,236739
60,Male,Bachelor's,UX Designer,3,86134
29,Female,Bachelor's,Electrical Engineer,7,98029
34,Female,Master's,Analyst,2,67915
34,Male,Bachelor's,Research Scientist,12,124045
33,Male,PhD,Consultant,5,128152
29,Female,Bachelor's,IT Support Specialist,0,46212
56,Female,PhD,Chief Financial Officer,19,300930
35,Male,Bachelor's,Network Engineer,6,87800
29,Male,Master's,Analyst,3,67624
51,Female,PhD,Healthcare Specialist,3,81345
35,Female,PhD,Consultant,6,135173
38,Male,Bachelor's,Product Manager,6,125787
56,Male,Bachelor's,UX Designer,8,88078
28,Female,Master's,Graphic Designer,3,62784
22,Male,Bachelor's,Analyst,0,61211
48,Female,Master's,Civil Engineer,8,93928
46,Male,Master's,Vice President,19,264032
23,Male,Bachelor's,Associate,0,46914
37,Male,Master's,Customer Support Specialist,3,43602
26,Female,High School,Associate,0,42076
35,Male,Master's,Product Manager,10,148474
58,Female,Bachelor's,Vice President,23,216611
45,Male,Bachelor's,Architect,10,101612
53,Male,Master's,Product Manager,19,169530
65,Male,Bachelor's,Chief Technology Officer,36,250522
59,Female,Bachelor's,Software Engineer,7,92233
22,Female,Bachelor's,Analyst,0,54878
48,Female,Master's,Graphic Designer,2,62676
58,Female,Bachelor's,Professor,28,135420
22,Female,Bachelor's,Associate,0,52679
25,Female,Bachelor's,Associate,3,56337
26,Female,Bachelor's,Junior Developer,0,56338
42,Female,Bachelor's,DevOps Engineer,13,143343
28,Male,Master's,Analyst,0,64585
38,Female,PhD,DevOps Engineer,5,147867
35,Male,Master's,Cloud Architect,11,204635
58,Male,Bachelor's,Professor,29,138181
24,Male,Master's,Analyst,0,75933
52,Male,PhD,Biomedical Engineer,9,152655
22,Male,Master's,Analyst,0,69063
45,Female,Master's,Director of Engineering,19,205118
62,Female,Master's,Economist,36,165381
45,Female,Master's,Product Manager,9,128563
44,Female,Master's,Lawyer,13,165878
40,Male,Master's,Associate,2,63216
22,Male,Bachelor's,Junior Developer,0,54155
45,Male,High School,Machine Learning Engineer,25,138730
